draw_date,prize_group,position,raw_value,normalized_value,last_two_digits
2026-07-14,fifth,1,8019,8019,19
2026-07-14,fifth,1,9892,9892,92
2026-07-14,fifth,1,8033,8033,33
2026-07-14,fifth,1,9198,9198,98
2026-07-14,fifth,1,0554,0554,54
2026-07-14,fifth,1,9219,9219,19
2026-07-14,fifth,1,7987,7987,87
2026-07-14,fifth,2,0382,0382,82
2026-07-14,fifth,2,1455,1455,55
2026-07-14,fifth,2,5319,5319,19
2026-07-14,fifth,2,1500,1500,00
2026-07-14,fifth,2,9113,9113,13
2026-07-14,fifth,2,0622,0622,22
2026-07-14,fifth,2,7967,7967,67
2026-07-14,fifth,3,0090,0090,90
2026-07-14,fifth,3,2364,2364,64
2026-07-14,fifth,3,5240,5240,40
2026-07-14,fifth,3,3618,3618,18
2026-07-14,fifth,3,8482,8482,82
2026-07-14,fifth,3,9568,9568,68
2026-07-14,fifth,3,7278,7278,78
2026-07-14,fifth,4,4549,4549,49
2026-07-14,fifth,4,0413,0413,13
2026-07-14,fifth,4,2471,2471,71
2026-07-14,fifth,4,8389,8389,89
2026-07-14,fifth,4,1034,1034,34
2026-07-14,fifth,4,4458,4458,58
2026-07-14,fifth,4,8520,8520,20
2026-07-14,fifth,5,0989,0989,89
2026-07-14,fifth,5,0001,0001,01
2026-07-14,fifth,5,9817,9817,17
2026-07-14,fifth,5,9640,9640,40
2026-07-14,fifth,5,9727,9727,27
2026-07-14,fifth,5,0073,0073,73
2026-07-14,fifth,5,5987,5987,87
2026-07-14,fifth,6,7879,7879,79
2026-07-14,fifth,6,5503,5503,03
2026-07-14,fifth,6,2637,2637,37
2026-07-14,fifth,6,0250,0250,50
2026-07-14,fifth,6,1194,1194,94
2026-07-14,fifth,6,2340,2340,40
2026-07-14,fifth,6,2190,2190,90
2026-07-14,first,1,71464,71464,64
2026-07-14,first,1,93956,93956,56
2026-07-14,first,1,71906,71906,06
2026-07-14,first,1,36061,36061,61
2026-07-14,first,1,61760,61760,60
2026-07-14,first,1,65749,65749,49
2026-07-14,first,1,08999,08999,99
2026-07-14,fourth,1,8788,8788,88
2026-07-14,fourth,1,6331,6331,31
2026-07-14,fourth,1,6962,6962,62
2026-07-14,fourth,1,3626,3626,26
2026-07-14,fourth,1,0250,0250,50
2026-07-14,fourth,1,3400,3400,00
2026-07-14,fourth,1,0979,0979,79
2026-07-14,fourth,2,7917,7917,17
2026-07-14,fourth,2,4632,4632,32
2026-07-14,fourth,2,4911,4911,11
2026-07-14,fourth,2,1683,1683,83
2026-07-14,fourth,2,4119,4119,19
2026-07-14,fourth,2,1510,1510,10
2026-07-14,fourth,2,9700,9700,00
2026-07-14,fourth,3,8057,8057,57
2026-07-14,fourth,3,6150,6150,50
2026-07-14,fourth,3,0940,0940,40
2026-07-14,fourth,3,2414,2414,14
2026-07-14,fourth,3,6753,6753,53
2026-07-14,fourth,3,3495,3495,95
2026-07-14,fourth,3,6880,6880,80
2026-07-14,fourth,4,4410,4410,10
2026-07-14,fourth,4,0553,0553,53
2026-07-14,fourth,4,3365,3365,65
2026-07-14,fourth,4,9774,9774,74
2026-07-14,fourth,4,6183,6183,83
2026-07-14,fourth,4,2884,2884,84
2026-07-14,fourth,4,1727,1727,27
2026-07-14,second,1,04046,04046,46
2026-07-14,second,1,52860,52860,60
2026-07-14,second,1,97120,97120,20
2026-07-14,second,1,77252,77252,52
2026-07-14,second,1,97537,97537,37
2026-07-14,second,1,93061,93061,61
2026-07-14,second,1,83641,83641,41
2026-07-14,second,2,79833,79833,33
2026-07-14,second,2,61224,61224,24
2026-07-14,second,2,82058,82058,58
2026-07-14,second,2,60057,60057,57
2026-07-14,second,2,51581,51581,81
2026-07-14,second,2,88894,88894,94
2026-07-14,second,2,48473,48473,73
2026-07-14,seventh,1,68,68,68
2026-07-14,seventh,1,97,97,97
2026-07-14,seventh,1,59,59,59
2026-07-14,seventh,1,06,06,06
2026-07-14,seventh,1,96,96,96
2026-07-14,seventh,1,13,13,13
2026-07-14,seventh,1,20,20,20
2026-07-14,seventh,2,39,39,39
2026-07-14,seventh,2,76,76,76
2026-07-14,seventh,2,34,34,34
2026-07-14,seventh,2,26,26,26
2026-07-14,seventh,2,20,20,20
2026-07-14,seventh,2,05,05,05
2026-07-14,seventh,2,01,01,01
2026-07-14,seventh,3,05,05,05
2026-07-14,seventh,3,05,05,05
2026-07-14,seventh,3,05,05,05
2026-07-14,seventh,3,73,73,73
2026-07-14,seventh,3,31,31,31
2026-07-14,seventh,3,64,64,64
2026-07-14,seventh,3,81,81,81
2026-07-14,seventh,4,75,75,75
2026-07-14,seventh,4,75,75,75
2026-07-14,seventh,4,62,62,62
2026-07-14,seventh,4,72,72,72
2026-07-14,seventh,4,73,73,73
2026-07-14,seventh,4,46,46,46
2026-07-14,seventh,4,19,19,19
2026-07-14,sixth,1,674,674,74
2026-07-14,sixth,1,889,889,89
2026-07-14,sixth,1,056,056,56
2026-07-14,sixth,1,425,425,25
2026-07-14,sixth,1,016,016,16
2026-07-14,sixth,1,349,349,49
2026-07-14,sixth,1,071,071,71
2026-07-14,sixth,2,612,612,12
2026-07-14,sixth,2,268,268,68
2026-07-14,sixth,2,469,469,69
2026-07-14,sixth,2,731,731,31
2026-07-14,sixth,2,402,402,02
2026-07-14,sixth,2,724,724,24
2026-07-14,sixth,2,707,707,07
2026-07-14,sixth,3,599,599,99
2026-07-14,sixth,3,080,080,80
2026-07-14,sixth,3,634,634,34
2026-07-14,sixth,3,475,475,75
2026-07-14,sixth,3,443,443,43
2026-07-14,sixth,3,191,191,91
2026-07-14,sixth,3,726,726,26
2026-07-14,special,1,59147,59147,47
2026-07-14,special,1,74299,74299,99
2026-07-14,special,1,10494,10494,94
2026-07-14,special,1,09401,09401,01
2026-07-14,special,1,72767,72767,67
2026-07-14,special,1,69185,69185,85
2026-07-14,special,1,95089,95089,89
2026-07-14,third,1,94592,94592,92
2026-07-14,third,1,56764,56764,64
2026-07-14,third,1,50909,50909,09
2026-07-14,third,1,51690,51690,90
2026-07-14,third,1,42362,42362,62
2026-07-14,third,1,87413,87413,13
2026-07-14,third,1,28237,28237,37
2026-07-14,third,2,17075,17075,75
2026-07-14,third,2,65767,65767,67
2026-07-14,third,2,64050,64050,50
2026-07-14,third,2,28065,28065,65
2026-07-14,third,2,67566,67566,66
2026-07-14,third,2,10392,10392,92
2026-07-14,third,2,44980,44980,80
2026-07-14,third,3,20686,20686,86
2026-07-14,third,3,54685,54685,85
2026-07-14,third,3,28108,28108,08
2026-07-14,third,3,93903,93903,03
2026-07-14,third,3,13136,13136,36
2026-07-14,third,3,19463,19463,63
2026-07-14,third,3,05900,05900,00
2026-07-14,third,4,30666,30666,66
2026-07-14,third,4,07842,07842,42
2026-07-14,third,4,98423,98423,23
2026-07-14,third,4,75131,75131,31
2026-07-14,third,4,06645,06645,45
2026-07-14,third,4,76869,76869,69
2026-07-14,third,4,03477,03477,77
2026-07-14,third,5,28817,28817,17
2026-07-14,third,5,95097,95097,97
2026-07-14,third,5,47764,47764,64
2026-07-14,third,5,65832,65832,32
2026-07-14,third,5,01113,01113,13
2026-07-14,third,5,45291,45291,91
2026-07-14,third,5,60863,60863,63
2026-07-14,third,6,53748,53748,48
2026-07-14,third,6,33930,33930,30
2026-07-14,third,6,71336,71336,36
2026-07-14,third,6,12023,12023,23
2026-07-14,third,6,60061,60061,61
2026-07-14,third,6,19660,19660,60
2026-07-14,third,6,52341,52341,41
2026-07-15,fifth,1,1086,1086,86
2026-07-15,fifth,1,8019,8019,19
2026-07-15,fifth,1,9892,9892,92
2026-07-15,fifth,1,8033,8033,33
2026-07-15,fifth,1,9198,9198,98
2026-07-15,fifth,1,0554,0554,54
2026-07-15,fifth,1,9219,9219,19
2026-07-15,fifth,2,5795,5795,95
2026-07-15,fifth,2,0382,0382,82
2026-07-15,fifth,2,1455,1455,55
2026-07-15,fifth,2,5319,5319,19
2026-07-15,fifth,2,1500,1500,00
2026-07-15,fifth,2,9113,9113,13
2026-07-15,fifth,2,0622,0622,22
2026-07-15,fifth,3,8557,8557,57
2026-07-15,fifth,3,0090,0090,90
2026-07-15,fifth,3,2364,2364,64
2026-07-15,fifth,3,5240,5240,40
2026-07-15,fifth,3,3618,3618,18
2026-07-15,fifth,3,8482,8482,82
2026-07-15,fifth,3,9568,9568,68
2026-07-15,fifth,4,5100,5100,00
2026-07-15,fifth,4,4549,4549,49
2026-07-15,fifth,4,0413,0413,13
2026-07-15,fifth,4,2471,2471,71
2026-07-15,fifth,4,8389,8389,89
2026-07-15,fifth,4,1034,1034,34
2026-07-15,fifth,4,4458,4458,58
2026-07-15,fifth,5,1170,1170,70
2026-07-15,fifth,5,0989,0989,89
2026-07-15,fifth,5,0001,0001,01
2026-07-15,fifth,5,9817,9817,17
2026-07-15,fifth,5,9640,9640,40
2026-07-15,fifth,5,9727,9727,27
2026-07-15,fifth,5,0073,0073,73
2026-07-15,fifth,6,3508,3508,08
2026-07-15,fifth,6,7879,7879,79
2026-07-15,fifth,6,5503,5503,03
2026-07-15,fifth,6,2637,2637,37
2026-07-15,fifth,6,0250,0250,50
2026-07-15,fifth,6,1194,1194,94
2026-07-15,fifth,6,2340,2340,40
2026-07-15,first,1,13772,13772,72
2026-07-15,first,1,71464,71464,64
2026-07-15,first,1,93956,93956,56
2026-07-15,first,1,71906,71906,06
2026-07-15,first,1,36061,36061,61
2026-07-15,first,1,61760,61760,60
2026-07-15,first,1,65749,65749,49
2026-07-15,fourth,1,9038,9038,38
2026-07-15,fourth,1,8788,8788,88
2026-07-15,fourth,1,6331,6331,31
2026-07-15,fourth,1,6962,6962,62
2026-07-15,fourth,1,3626,3626,26
2026-07-15,fourth,1,0250,0250,50
2026-07-15,fourth,1,3400,3400,00
2026-07-15,fourth,2,0844,0844,44
2026-07-15,fourth,2,7917,7917,17
2026-07-15,fourth,2,4632,4632,32
2026-07-15,fourth,2,4911,4911,11
2026-07-15,fourth,2,1683,1683,83
2026-07-15,fourth,2,4119,4119,19
2026-07-15,fourth,2,1510,1510,10
2026-07-15,fourth,3,1883,1883,83
2026-07-15,fourth,3,8057,8057,57
2026-07-15,fourth,3,6150,6150,50
2026-07-15,fourth,3,0940,0940,40
2026-07-15,fourth,3,2414,2414,14
2026-07-15,fourth,3,6753,6753,53
2026-07-15,fourth,3,3495,3495,95
2026-07-15,fourth,4,8719,8719,19
2026-07-15,fourth,4,4410,4410,10
2026-07-15,fourth,4,0553,0553,53
2026-07-15,fourth,4,3365,3365,65
2026-07-15,fourth,4,9774,9774,74
2026-07-15,fourth,4,6183,6183,83
2026-07-15,fourth,4,2884,2884,84
2026-07-15,second,1,58001,58001,01
2026-07-15,second,1,04046,04046,46
2026-07-15,second,1,52860,52860,60
2026-07-15,second,1,97120,97120,20
2026-07-15,second,1,77252,77252,52
2026-07-15,second,1,97537,97537,37
2026-07-15,second,1,93061,93061,61
2026-07-15,second,2,99011,99011,11
2026-07-15,second,2,79833,79833,33
2026-07-15,second,2,61224,61224,24
2026-07-15,second,2,82058,82058,58
2026-07-15,second,2,60057,60057,57
2026-07-15,second,2,51581,51581,81
2026-07-15,second,2,88894,88894,94
2026-07-15,seventh,1,72,72,72
2026-07-15,seventh,1,68,68,68
2026-07-15,seventh,1,97,97,97
2026-07-15,seventh,1,59,59,59
2026-07-15,seventh,1,06,06,06
2026-07-15,seventh,1,96,96,96
2026-07-15,seventh,1,13,13,13
2026-07-15,seventh,2,53,53,53
2026-07-15,seventh,2,39,39,39
2026-07-15,seventh,2,76,76,76
2026-07-15,seventh,2,34,34,34
2026-07-15,seventh,2,26,26,26
2026-07-15,seventh,2,20,20,20
2026-07-15,seventh,2,05,05,05
2026-07-15,seventh,3,05,05,05
2026-07-15,seventh,3,05,05,05
2026-07-15,seventh,3,05,05,05
2026-07-15,seventh,3,05,05,05
2026-07-15,seventh,3,73,73,73
2026-07-15,seventh,3,31,31,31
2026-07-15,seventh,3,64,64,64
2026-07-15,seventh,4,92,92,92
2026-07-15,seventh,4,75,75,75
2026-07-15,seventh,4,75,75,75
2026-07-15,seventh,4,62,62,62
2026-07-15,seventh,4,72,72,72
2026-07-15,seventh,4,73,73,73
2026-07-15,seventh,4,46,46,46
2026-07-15,sixth,1,777,777,77
2026-07-15,sixth,1,674,674,74
2026-07-15,sixth,1,889,889,89
2026-07-15,sixth,1,056,056,56
2026-07-15,sixth,1,425,425,25
2026-07-15,sixth,1,016,016,16
2026-07-15,sixth,1,349,349,49
2026-07-15,sixth,2,080,080,80
2026-07-15,sixth,2,612,612,12
2026-07-15,sixth,2,268,268,68
2026-07-15,sixth,2,469,469,69
2026-07-15,sixth,2,731,731,31
2026-07-15,sixth,2,402,402,02
2026-07-15,sixth,2,724,724,24
2026-07-15,sixth,3,533,533,33
2026-07-15,sixth,3,599,599,99
2026-07-15,sixth,3,080,080,80
2026-07-15,sixth,3,634,634,34
2026-07-15,sixth,3,475,475,75
2026-07-15,sixth,3,443,443,43
2026-07-15,sixth,3,191,191,91
2026-07-15,special,1,36119,36119,19
2026-07-15,special,1,59147,59147,47
2026-07-15,special,1,74299,74299,99
2026-07-15,special,1,10494,10494,94
2026-07-15,special,1,09401,09401,01
2026-07-15,special,1,72767,72767,67
2026-07-15,special,1,69185,69185,85
2026-07-15,third,1,14606,14606,06
2026-07-15,third,1,94592,94592,92
2026-07-15,third,1,56764,56764,64
2026-07-15,third,1,50909,50909,09
2026-07-15,third,1,51690,51690,90
2026-07-15,third,1,42362,42362,62
2026-07-15,third,1,87413,87413,13
2026-07-15,third,2,58735,58735,35
2026-07-15,third,2,17075,17075,75
2026-07-15,third,2,65767,65767,67
2026-07-15,third,2,64050,64050,50
2026-07-15,third,2,28065,28065,65
2026-07-15,third,2,67566,67566,66
2026-07-15,third,2,10392,10392,92
2026-07-15,third,3,99385,99385,85
2026-07-15,third,3,20686,20686,86
2026-07-15,third,3,54685,54685,85
2026-07-15,third,3,28108,28108,08
2026-07-15,third,3,93903,93903,03
2026-07-15,third,3,13136,13136,36
2026-07-15,third,3,19463,19463,63
2026-07-15,third,4,72547,72547,47
2026-07-15,third,4,30666,30666,66
2026-07-15,third,4,07842,07842,42
2026-07-15,third,4,98423,98423,23
2026-07-15,third,4,75131,75131,31
2026-07-15,third,4,06645,06645,45
2026-07-15,third,4,76869,76869,69
2026-07-15,third,5,80718,80718,18
2026-07-15,third,5,28817,28817,17
2026-07-15,third,5,95097,95097,97
2026-07-15,third,5,47764,47764,64
2026-07-15,third,5,65832,65832,32
2026-07-15,third,5,01113,01113,13
2026-07-15,third,5,45291,45291,91
2026-07-15,third,6,21292,21292,92
2026-07-15,third,6,53748,53748,48
2026-07-15,third,6,33930,33930,30
2026-07-15,third,6,71336,71336,36
2026-07-15,third,6,12023,12023,23
2026-07-15,third,6,60061,60061,61
2026-07-15,third,6,19660,19660,60
2026-07-16,fifth,1,0452,0452,52
2026-07-16,fifth,1,1086,1086,86
2026-07-16,fifth,1,8019,8019,19
2026-07-16,fifth,1,9892,9892,92
2026-07-16,fifth,1,8033,8033,33
2026-07-16,fifth,1,9198,9198,98
2026-07-16,fifth,1,0554,0554,54
2026-07-16,fifth,2,6287,6287,87
2026-07-16,fifth,2,5795,5795,95
2026-07-16,fifth,2,0382,0382,82
2026-07-16,fifth,2,1455,1455,55
2026-07-16,fifth,2,5319,5319,19
2026-07-16,fifth,2,1500,1500,00
2026-07-16,fifth,2,9113,9113,13
2026-07-16,fifth,3,6628,6628,28
2026-07-16,fifth,3,8557,8557,57
2026-07-16,fifth,3,0090,0090,90
2026-07-16,fifth,3,2364,2364,64
2026-07-16,fifth,3,5240,5240,40
2026-07-16,fifth,3,3618,3618,18
2026-07-16,fifth,3,8482,8482,82
2026-07-16,fifth,4,4037,4037,37
2026-07-16,fifth,4,5100,5100,00
2026-07-16,fifth,4,4549,4549,49
2026-07-16,fifth,4,0413,0413,13
2026-07-16,fifth,4,2471,2471,71
2026-07-16,fifth,4,8389,8389,89
2026-07-16,fifth,4,1034,1034,34
2026-07-16,fifth,5,3904,3904,04
2026-07-16,fifth,5,1170,1170,70
2026-07-16,fifth,5,0989,0989,89
2026-07-16,fifth,5,0001,0001,01
2026-07-16,fifth,5,9817,9817,17
2026-07-16,fifth,5,9640,9640,40
2026-07-16,fifth,5,9727,9727,27
2026-07-16,fifth,6,7946,7946,46
2026-07-16,fifth,6,3508,3508,08
2026-07-16,fifth,6,7879,7879,79
2026-07-16,fifth,6,5503,5503,03
2026-07-16,fifth,6,2637,2637,37
2026-07-16,fifth,6,0250,0250,50
2026-07-16,fifth,6,1194,1194,94
2026-07-16,first,1,16246,16246,46
2026-07-16,first,1,13772,13772,72
2026-07-16,first,1,71464,71464,64
2026-07-16,first,1,93956,93956,56
2026-07-16,first,1,71906,71906,06
2026-07-16,first,1,36061,36061,61
2026-07-16,first,1,61760,61760,60
2026-07-16,fourth,1,2733,2733,33
2026-07-16,fourth,1,9038,9038,38
2026-07-16,fourth,1,8788,8788,88
2026-07-16,fourth,1,6331,6331,31
2026-07-16,fourth,1,6962,6962,62
2026-07-16,fourth,1,3626,3626,26
2026-07-16,fourth,1,0250,0250,50
2026-07-16,fourth,2,2653,2653,53
2026-07-16,fourth,2,0844,0844,44
2026-07-16,fourth,2,7917,7917,17
2026-07-16,fourth,2,4632,4632,32
2026-07-16,fourth,2,4911,4911,11
2026-07-16,fourth,2,1683,1683,83
2026-07-16,fourth,2,4119,4119,19
2026-07-16,fourth,3,2083,2083,83
2026-07-16,fourth,3,1883,1883,83
2026-07-16,fourth,3,8057,8057,57
2026-07-16,fourth,3,6150,6150,50
2026-07-16,fourth,3,0940,0940,40
2026-07-16,fourth,3,2414,2414,14
2026-07-16,fourth,3,6753,6753,53
2026-07-16,fourth,4,1856,1856,56
2026-07-16,fourth,4,8719,8719,19
2026-07-16,fourth,4,4410,4410,10
2026-07-16,fourth,4,0553,0553,53
2026-07-16,fourth,4,3365,3365,65
2026-07-16,fourth,4,9774,9774,74
2026-07-16,fourth,4,6183,6183,83
2026-07-16,second,1,56517,56517,17
2026-07-16,second,1,58001,58001,01
2026-07-16,second,1,04046,04046,46
2026-07-16,second,1,52860,52860,60
2026-07-16,second,1,97120,97120,20
2026-07-16,second,1,77252,77252,52
2026-07-16,second,1,97537,97537,37
2026-07-16,second,2,64137,64137,37
2026-07-16,second,2,99011,99011,11
2026-07-16,second,2,79833,79833,33
2026-07-16,second,2,61224,61224,24
2026-07-16,second,2,82058,82058,58
2026-07-16,second,2,60057,60057,57
2026-07-16,second,2,51581,51581,81
2026-07-16,seventh,1,66,66,66
2026-07-16,seventh,1,72,72,72
2026-07-16,seventh,1,68,68,68
2026-07-16,seventh,1,97,97,97
2026-07-16,seventh,1,59,59,59
2026-07-16,seventh,1,06,06,06
2026-07-16,seventh,1,96,96,96
2026-07-16,seventh,2,80,80,80
2026-07-16,seventh,2,53,53,53
2026-07-16,seventh,2,39,39,39
2026-07-16,seventh,2,76,76,76
2026-07-16,seventh,2,34,34,34
2026-07-16,seventh,2,26,26,26
2026-07-16,seventh,2,20,20,20
2026-07-16,seventh,3,49,49,49
2026-07-16,seventh,3,05,05,05
2026-07-16,seventh,3,05,05,05
2026-07-16,seventh,3,05,05,05
2026-07-16,seventh,3,05,05,05
2026-07-16,seventh,3,73,73,73
2026-07-16,seventh,3,31,31,31
2026-07-16,seventh,4,61,61,61
2026-07-16,seventh,4,92,92,92
2026-07-16,seventh,4,75,75,75
2026-07-16,seventh,4,75,75,75
2026-07-16,seventh,4,62,62,62
2026-07-16,seventh,4,72,72,72
2026-07-16,seventh,4,73,73,73
2026-07-16,sixth,1,329,329,29
2026-07-16,sixth,1,777,777,77
2026-07-16,sixth,1,674,674,74
2026-07-16,sixth,1,889,889,89
2026-07-16,sixth,1,056,056,56
2026-07-16,sixth,1,425,425,25
2026-07-16,sixth,1,016,016,16
2026-07-16,sixth,2,663,663,63
2026-07-16,sixth,2,080,080,80
2026-07-16,sixth,2,612,612,12
2026-07-16,sixth,2,268,268,68
2026-07-16,sixth,2,469,469,69
2026-07-16,sixth,2,731,731,31
2026-07-16,sixth,2,402,402,02
2026-07-16,sixth,3,879,879,79
2026-07-16,sixth,3,533,533,33
2026-07-16,sixth,3,599,599,99
2026-07-16,sixth,3,080,080,80
2026-07-16,sixth,3,634,634,34
2026-07-16,sixth,3,475,475,75
2026-07-16,sixth,3,443,443,43
2026-07-16,special,1,96763,96763,63
2026-07-16,special,1,36119,36119,19
2026-07-16,special,1,59147,59147,47
2026-07-16,special,1,74299,74299,99
2026-07-16,special,1,10494,10494,94
2026-07-16,special,1,09401,09401,01
2026-07-16,special,1,72767,72767,67
2026-07-16,third,1,43177,43177,77
2026-07-16,third,1,14606,14606,06
2026-07-16,third,1,94592,94592,92
2026-07-16,third,1,56764,56764,64
2026-07-16,third,1,50909,50909,09
2026-07-16,third,1,51690,51690,90
2026-07-16,third,1,42362,42362,62
2026-07-16,third,2,31665,31665,65
2026-07-16,third,2,58735,58735,35
2026-07-16,third,2,17075,17075,75
2026-07-16,third,2,65767,65767,67
2026-07-16,third,2,64050,64050,50
2026-07-16,third,2,28065,28065,65
2026-07-16,third,2,67566,67566,66
2026-07-16,third,3,74360,74360,60
2026-07-16,third,3,99385,99385,85
2026-07-16,third,3,20686,20686,86
2026-07-16,third,3,54685,54685,85
2026-07-16,third,3,28108,28108,08
2026-07-16,third,3,93903,93903,03
2026-07-16,third,3,13136,13136,36
2026-07-16,third,4,98165,98165,65
2026-07-16,third,4,72547,72547,47
2026-07-16,third,4,30666,30666,66
2026-07-16,third,4,07842,07842,42
2026-07-16,third,4,98423,98423,23
2026-07-16,third,4,75131,75131,31
2026-07-16,third,4,06645,06645,45
2026-07-16,third,5,59063,59063,63
2026-07-16,third,5,80718,80718,18
2026-07-16,third,5,28817,28817,17
2026-07-16,third,5,95097,95097,97
2026-07-16,third,5,47764,47764,64
2026-07-16,third,5,65832,65832,32
2026-07-16,third,5,01113,01113,13
2026-07-16,third,6,00916,00916,16
2026-07-16,third,6,21292,21292,92
2026-07-16,third,6,53748,53748,48
2026-07-16,third,6,33930,33930,30
2026-07-16,third,6,71336,71336,36
2026-07-16,third,6,12023,12023,23
2026-07-16,third,6,60061,60061,61
2026-07-17,fifth,1,5250,5250,50
2026-07-17,fifth,1,0452,0452,52
2026-07-17,fifth,1,1086,1086,86
2026-07-17,fifth,1,8019,8019,19
2026-07-17,fifth,1,9892,9892,92
2026-07-17,fifth,1,8033,8033,33
2026-07-17,fifth,1,9198,9198,98
2026-07-17,fifth,2,7558,7558,58
2026-07-17,fifth,2,6287,6287,87
2026-07-17,fifth,2,5795,5795,95
2026-07-17,fifth,2,0382,0382,82
2026-07-17,fifth,2,1455,1455,55
2026-07-17,fifth,2,5319,5319,19
2026-07-17,fifth,2,1500,1500,00
2026-07-17,fifth,3,4729,4729,29
2026-07-17,fifth,3,6628,6628,28
2026-07-17,fifth,3,8557,8557,57
2026-07-17,fifth,3,0090,0090,90
2026-07-17,fifth,3,2364,2364,64
2026-07-17,fifth,3,5240,5240,40
2026-07-17,fifth,3,3618,3618,18
2026-07-17,fifth,4,1524,1524,24
2026-07-17,fifth,4,4037,4037,37
2026-07-17,fifth,4,5100,5100,00
2026-07-17,fifth,4,4549,4549,49
2026-07-17,fifth,4,0413,0413,13
2026-07-17,fifth,4,2471,2471,71
2026-07-17,fifth,4,8389,8389,89
2026-07-17,fifth,5,7035,7035,35
2026-07-17,fifth,5,3904,3904,04
2026-07-17,fifth,5,1170,1170,70
2026-07-17,fifth,5,0989,0989,89
2026-07-17,fifth,5,0001,0001,01
2026-07-17,fifth,5,9817,9817,17
2026-07-17,fifth,5,9640,9640,40
2026-07-17,fifth,6,4265,4265,65
2026-07-17,fifth,6,7946,7946,46
2026-07-17,fifth,6,3508,3508,08
2026-07-17,fifth,6,7879,7879,79
2026-07-17,fifth,6,5503,5503,03
2026-07-17,fifth,6,2637,2637,37
2026-07-17,fifth,6,0250,0250,50
2026-07-17,first,1,35027,35027,27
2026-07-17,first,1,16246,16246,46
2026-07-17,first,1,13772,13772,72
2026-07-17,first,1,71464,71464,64
2026-07-17,first,1,93956,93956,56
2026-07-17,first,1,71906,71906,06
2026-07-17,first,1,36061,36061,61
2026-07-17,fourth,1,5794,5794,94
2026-07-17,fourth,1,2733,2733,33
2026-07-17,fourth,1,9038,9038,38
2026-07-17,fourth,1,8788,8788,88
2026-07-17,fourth,1,6331,6331,31
2026-07-17,fourth,1,6962,6962,62
2026-07-17,fourth,1,3626,3626,26
2026-07-17,fourth,2,5739,5739,39
2026-07-17,fourth,2,2653,2653,53
2026-07-17,fourth,2,0844,0844,44
2026-07-17,fourth,2,7917,7917,17
2026-07-17,fourth,2,4632,4632,32
2026-07-17,fourth,2,4911,4911,11
2026-07-17,fourth,2,1683,1683,83
2026-07-17,fourth,3,5411,5411,11
2026-07-17,fourth,3,2083,2083,83
2026-07-17,fourth,3,1883,1883,83
2026-07-17,fourth,3,8057,8057,57
2026-07-17,fourth,3,6150,6150,50
2026-07-17,fourth,3,0940,0940,40
2026-07-17,fourth,3,2414,2414,14
2026-07-17,fourth,4,1885,1885,85
2026-07-17,fourth,4,1856,1856,56
2026-07-17,fourth,4,8719,8719,19
2026-07-17,fourth,4,4410,4410,10
2026-07-17,fourth,4,0553,0553,53
2026-07-17,fourth,4,3365,3365,65
2026-07-17,fourth,4,9774,9774,74
2026-07-17,second,1,32547,32547,47
2026-07-17,second,1,56517,56517,17
2026-07-17,second,1,58001,58001,01
2026-07-17,second,1,04046,04046,46
2026-07-17,second,1,52860,52860,60
2026-07-17,second,1,97120,97120,20
2026-07-17,second,1,77252,77252,52
2026-07-17,second,2,57993,57993,93
2026-07-17,second,2,64137,64137,37
2026-07-17,second,2,99011,99011,11
2026-07-17,second,2,79833,79833,33
2026-07-17,second,2,61224,61224,24
2026-07-17,second,2,82058,82058,58
2026-07-17,second,2,60057,60057,57
2026-07-17,seventh,1,10,10,10
2026-07-17,seventh,1,66,66,66
2026-07-17,seventh,1,72,72,72
2026-07-17,seventh,1,68,68,68
2026-07-17,seventh,1,97,97,97
2026-07-17,seventh,1,59,59,59
2026-07-17,seventh,1,06,06,06
2026-07-17,seventh,2,13,13,13
2026-07-17,seventh,2,80,80,80
2026-07-17,seventh,2,53,53,53
2026-07-17,seventh,2,39,39,39
2026-07-17,seventh,2,76,76,76
2026-07-17,seventh,2,34,34,34
2026-07-17,seventh,2,26,26,26
2026-07-17,seventh,3,46,46,46
2026-07-17,seventh,3,49,49,49
2026-07-17,seventh,3,05,05,05
2026-07-17,seventh,3,05,05,05
2026-07-17,seventh,3,05,05,05
2026-07-17,seventh,3,05,05,05
2026-07-17,seventh,3,73,73,73
2026-07-17,seventh,4,77,77,77
2026-07-17,seventh,4,61,61,61
2026-07-17,seventh,4,92,92,92
2026-07-17,seventh,4,75,75,75
2026-07-17,seventh,4,75,75,75
2026-07-17,seventh,4,62,62,62
2026-07-17,seventh,4,72,72,72
2026-07-17,sixth,1,526,526,26
2026-07-17,sixth,1,329,329,29
2026-07-17,sixth,1,777,777,77
2026-07-17,sixth,1,674,674,74
2026-07-17,sixth,1,889,889,89
2026-07-17,sixth,1,056,056,56
2026-07-17,sixth,1,425,425,25
2026-07-17,sixth,2,559,559,59
2026-07-17,sixth,2,663,663,63
2026-07-17,sixth,2,080,080,80
2026-07-17,sixth,2,612,612,12
2026-07-17,sixth,2,268,268,68
2026-07-17,sixth,2,469,469,69
2026-07-17,sixth,2,731,731,31
2026-07-17,sixth,3,669,669,69
2026-07-17,sixth,3,879,879,79
2026-07-17,sixth,3,533,533,33
2026-07-17,sixth,3,599,599,99
2026-07-17,sixth,3,080,080,80
2026-07-17,sixth,3,634,634,34
2026-07-17,sixth,3,475,475,75
2026-07-17,special,1,45739,45739,39
2026-07-17,special,1,96763,96763,63
2026-07-17,special,1,36119,36119,19
2026-07-17,special,1,59147,59147,47
2026-07-17,special,1,74299,74299,99
2026-07-17,special,1,10494,10494,94
2026-07-17,special,1,09401,09401,01
2026-07-17,third,1,89613,89613,13
2026-07-17,third,1,43177,43177,77
2026-07-17,third,1,14606,14606,06
2026-07-17,third,1,94592,94592,92
2026-07-17,third,1,56764,56764,64
2026-07-17,third,1,50909,50909,09
2026-07-17,third,1,51690,51690,90
2026-07-17,third,2,23070,23070,70
2026-07-17,third,2,31665,31665,65
2026-07-17,third,2,58735,58735,35
2026-07-17,third,2,17075,17075,75
2026-07-17,third,2,65767,65767,67
2026-07-17,third,2,64050,64050,50
2026-07-17,third,2,28065,28065,65
2026-07-17,third,3,94977,94977,77
2026-07-17,third,3,74360,74360,60
2026-07-17,third,3,99385,99385,85
2026-07-17,third,3,20686,20686,86
2026-07-17,third,3,54685,54685,85
2026-07-17,third,3,28108,28108,08
2026-07-17,third,3,93903,93903,03
2026-07-17,third,4,64494,64494,94
2026-07-17,third,4,98165,98165,65
2026-07-17,third,4,72547,72547,47
2026-07-17,third,4,30666,30666,66
2026-07-17,third,4,07842,07842,42
2026-07-17,third,4,98423,98423,23
2026-07-17,third,4,75131,75131,31
2026-07-17,third,5,04102,04102,02
2026-07-17,third,5,59063,59063,63
2026-07-17,third,5,80718,80718,18
2026-07-17,third,5,28817,28817,17
2026-07-17,third,5,95097,95097,97
2026-07-17,third,5,47764,47764,64
2026-07-17,third,5,65832,65832,32
2026-07-17,third,6,24502,24502,02
2026-07-17,third,6,00916,00916,16
2026-07-17,third,6,21292,21292,92
2026-07-17,third,6,53748,53748,48
2026-07-17,third,6,33930,33930,30
2026-07-17,third,6,71336,71336,36
2026-07-17,third,6,12023,12023,23
2026-07-18,fifth,1,1232,1232,32
2026-07-18,fifth,1,5250,5250,50
2026-07-18,fifth,1,0452,0452,52
2026-07-18,fifth,1,1086,1086,86
2026-07-18,fifth,1,8019,8019,19
2026-07-18,fifth,1,9892,9892,92
2026-07-18,fifth,1,8033,8033,33
2026-07-18,fifth,2,4485,4485,85
2026-07-18,fifth,2,7558,7558,58
2026-07-18,fifth,2,6287,6287,87
2026-07-18,fifth,2,5795,5795,95
2026-07-18,fifth,2,0382,0382,82
2026-07-18,fifth,2,1455,1455,55
2026-07-18,fifth,2,5319,5319,19
2026-07-18,fifth,3,2734,2734,34
2026-07-18,fifth,3,4729,4729,29
2026-07-18,fifth,3,6628,6628,28
2026-07-18,fifth,3,8557,8557,57
2026-07-18,fifth,3,0090,0090,90
2026-07-18,fifth,3,2364,2364,64
2026-07-18,fifth,3,5240,5240,40
2026-07-18,fifth,4,3346,3346,46
2026-07-18,fifth,4,1524,1524,24
2026-07-18,fifth,4,4037,4037,37
2026-07-18,fifth,4,5100,5100,00
2026-07-18,fifth,4,4549,4549,49
2026-07-18,fifth,4,0413,0413,13
2026-07-18,fifth,4,2471,2471,71
2026-07-18,fifth,5,0086,0086,86
2026-07-18,fifth,5,7035,7035,35
2026-07-18,fifth,5,3904,3904,04
2026-07-18,fifth,5,1170,1170,70
2026-07-18,fifth,5,0989,0989,89
2026-07-18,fifth,5,0001,0001,01
2026-07-18,fifth,5,9817,9817,17
2026-07-18,fifth,6,4972,4972,72
2026-07-18,fifth,6,4265,4265,65
2026-07-18,fifth,6,7946,7946,46
2026-07-18,fifth,6,3508,3508,08
2026-07-18,fifth,6,7879,7879,79
2026-07-18,fifth,6,5503,5503,03
2026-07-18,fifth,6,2637,2637,37
2026-07-18,first,1,01350,01350,50
2026-07-18,first,1,35027,35027,27
2026-07-18,first,1,16246,16246,46
2026-07-18,first,1,13772,13772,72
2026-07-18,first,1,71464,71464,64
2026-07-18,first,1,93956,93956,56
2026-07-18,first,1,71906,71906,06
2026-07-18,fourth,1,9542,9542,42
2026-07-18,fourth,1,5794,5794,94
2026-07-18,fourth,1,2733,2733,33
2026-07-18,fourth,1,9038,9038,38
2026-07-18,fourth,1,8788,8788,88
2026-07-18,fourth,1,6331,6331,31
2026-07-18,fourth,1,6962,6962,62
2026-07-18,fourth,2,7984,7984,84
2026-07-18,fourth,2,5739,5739,39
2026-07-18,fourth,2,2653,2653,53
2026-07-18,fourth,2,0844,0844,44
2026-07-18,fourth,2,7917,7917,17
2026-07-18,fourth,2,4632,4632,32
2026-07-18,fourth,2,4911,4911,11
2026-07-18,fourth,3,1271,1271,71
2026-07-18,fourth,3,5411,5411,11
2026-07-18,fourth,3,2083,2083,83
2026-07-18,fourth,3,1883,1883,83
2026-07-18,fourth,3,8057,8057,57
2026-07-18,fourth,3,6150,6150,50
2026-07-18,fourth,3,0940,0940,40
2026-07-18,fourth,4,6895,6895,95
2026-07-18,fourth,4,1885,1885,85
2026-07-18,fourth,4,1856,1856,56
2026-07-18,fourth,4,8719,8719,19
2026-07-18,fourth,4,4410,4410,10
2026-07-18,fourth,4,0553,0553,53
2026-07-18,fourth,4,3365,3365,65
2026-07-18,second,1,01230,01230,30
2026-07-18,second,1,32547,32547,47
2026-07-18,second,1,56517,56517,17
2026-07-18,second,1,58001,58001,01
2026-07-18,second,1,04046,04046,46
2026-07-18,second,1,52860,52860,60
2026-07-18,second,1,97120,97120,20
2026-07-18,second,2,11842,11842,42
2026-07-18,second,2,57993,57993,93
2026-07-18,second,2,64137,64137,37
2026-07-18,second,2,99011,99011,11
2026-07-18,second,2,79833,79833,33
2026-07-18,second,2,61224,61224,24
2026-07-18,second,2,82058,82058,58
2026-07-18,seventh,1,09,09,09
2026-07-18,seventh,1,10,10,10
2026-07-18,seventh,1,66,66,66
2026-07-18,seventh,1,72,72,72
2026-07-18,seventh,1,68,68,68
2026-07-18,seventh,1,97,97,97
2026-07-18,seventh,1,59,59,59
2026-07-18,seventh,2,19,19,19
2026-07-18,seventh,2,13,13,13
2026-07-18,seventh,2,80,80,80
2026-07-18,seventh,2,53,53,53
2026-07-18,seventh,2,39,39,39
2026-07-18,seventh,2,76,76,76
2026-07-18,seventh,2,34,34,34
2026-07-18,seventh,3,18,18,18
2026-07-18,seventh,3,46,46,46
2026-07-18,seventh,3,49,49,49
2026-07-18,seventh,3,05,05,05
2026-07-18,seventh,3,05,05,05
2026-07-18,seventh,3,05,05,05
2026-07-18,seventh,3,05,05,05
2026-07-18,seventh,4,68,68,68
2026-07-18,seventh,4,77,77,77
2026-07-18,seventh,4,61,61,61
2026-07-18,seventh,4,92,92,92
2026-07-18,seventh,4,75,75,75
2026-07-18,seventh,4,75,75,75
2026-07-18,seventh,4,62,62,62
2026-07-18,sixth,1,432,432,32
2026-07-18,sixth,1,526,526,26
2026-07-18,sixth,1,329,329,29
2026-07-18,sixth,1,777,777,77
2026-07-18,sixth,1,674,674,74
2026-07-18,sixth,1,889,889,89
2026-07-18,sixth,1,056,056,56
2026-07-18,sixth,2,946,946,46
2026-07-18,sixth,2,559,559,59
2026-07-18,sixth,2,663,663,63
2026-07-18,sixth,2,080,080,80
2026-07-18,sixth,2,612,612,12
2026-07-18,sixth,2,268,268,68
2026-07-18,sixth,2,469,469,69
2026-07-18,sixth,3,322,322,22
2026-07-18,sixth,3,669,669,69
2026-07-18,sixth,3,879,879,79
2026-07-18,sixth,3,533,533,33
2026-07-18,sixth,3,599,599,99
2026-07-18,sixth,3,080,080,80
2026-07-18,sixth,3,634,634,34
2026-07-18,special,1,26890,26890,90
2026-07-18,special,1,45739,45739,39
2026-07-18,special,1,96763,96763,63
2026-07-18,special,1,36119,36119,19
2026-07-18,special,1,59147,59147,47
2026-07-18,special,1,74299,74299,99
2026-07-18,special,1,10494,10494,94
2026-07-18,third,1,63453,63453,53
2026-07-18,third,1,89613,89613,13
2026-07-18,third,1,43177,43177,77
2026-07-18,third,1,14606,14606,06
2026-07-18,third,1,94592,94592,92
2026-07-18,third,1,56764,56764,64
2026-07-18,third,1,50909,50909,09
2026-07-18,third,2,15461,15461,61
2026-07-18,third,2,23070,23070,70
2026-07-18,third,2,31665,31665,65
2026-07-18,third,2,58735,58735,35
2026-07-18,third,2,17075,17075,75
2026-07-18,third,2,65767,65767,67
2026-07-18,third,2,64050,64050,50
2026-07-18,third,3,23354,23354,54
2026-07-18,third,3,94977,94977,77
2026-07-18,third,3,74360,74360,60
2026-07-18,third,3,99385,99385,85
2026-07-18,third,3,20686,20686,86
2026-07-18,third,3,54685,54685,85
2026-07-18,third,3,28108,28108,08
2026-07-18,third,4,06452,06452,52
2026-07-18,third,4,64494,64494,94
2026-07-18,third,4,98165,98165,65
2026-07-18,third,4,72547,72547,47
2026-07-18,third,4,30666,30666,66
2026-07-18,third,4,07842,07842,42
2026-07-18,third,4,98423,98423,23
2026-07-18,third,5,97221,97221,21
2026-07-18,third,5,04102,04102,02
2026-07-18,third,5,59063,59063,63
2026-07-18,third,5,80718,80718,18
2026-07-18,third,5,28817,28817,17
2026-07-18,third,5,95097,95097,97
2026-07-18,third,5,47764,47764,64
2026-07-18,third,6,85412,85412,12
2026-07-18,third,6,24502,24502,02
2026-07-18,third,6,00916,00916,16
2026-07-18,third,6,21292,21292,92
2026-07-18,third,6,53748,53748,48
2026-07-18,third,6,33930,33930,30
2026-07-18,third,6,71336,71336,36
2026-07-19,fifth,1,0250,0250,50
2026-07-19,fifth,1,1232,1232,32
2026-07-19,fifth,1,5250,5250,50
2026-07-19,fifth,1,0452,0452,52
2026-07-19,fifth,1,1086,1086,86
2026-07-19,fifth,1,8019,8019,19
2026-07-19,fifth,1,9892,9892,92
2026-07-19,fifth,2,3171,3171,71
2026-07-19,fifth,2,4485,4485,85
2026-07-19,fifth,2,7558,7558,58
2026-07-19,fifth,2,6287,6287,87
2026-07-19,fifth,2,5795,5795,95
2026-07-19,fifth,2,0382,0382,82
2026-07-19,fifth,2,1455,1455,55
2026-07-19,fifth,3,2143,2143,43
2026-07-19,fifth,3,2734,2734,34
2026-07-19,fifth,3,4729,4729,29
2026-07-19,fifth,3,6628,6628,28
2026-07-19,fifth,3,8557,8557,57
2026-07-19,fifth,3,0090,0090,90
2026-07-19,fifth,3,2364,2364,64
2026-07-19,fifth,4,2933,2933,33
2026-07-19,fifth,4,3346,3346,46
2026-07-19,fifth,4,1524,1524,24
2026-07-19,fifth,4,4037,4037,37
2026-07-19,fifth,4,5100,5100,00
2026-07-19,fifth,4,4549,4549,49
2026-07-19,fifth,4,0413,0413,13
2026-07-19,fifth,5,6953,6953,53
2026-07-19,fifth,5,0086,0086,86
2026-07-19,fifth,5,7035,7035,35
2026-07-19,fifth,5,3904,3904,04
2026-07-19,fifth,5,1170,1170,70
2026-07-19,fifth,5,0989,0989,89
2026-07-19,fifth,5,0001,0001,01
2026-07-19,fifth,6,3214,3214,14
2026-07-19,fifth,6,4972,4972,72
2026-07-19,fifth,6,4265,4265,65
2026-07-19,fifth,6,7946,7946,46
2026-07-19,fifth,6,3508,3508,08
2026-07-19,fifth,6,7879,7879,79
2026-07-19,fifth,6,5503,5503,03
2026-07-19,first,1,08368,08368,68
2026-07-19,first,1,01350,01350,50
2026-07-19,first,1,35027,35027,27
2026-07-19,first,1,16246,16246,46
2026-07-19,first,1,13772,13772,72
2026-07-19,first,1,71464,71464,64
2026-07-19,first,1,93956,93956,56
2026-07-19,fourth,1,6188,6188,88
2026-07-19,fourth,1,9542,9542,42
2026-07-19,fourth,1,5794,5794,94
2026-07-19,fourth,1,2733,2733,33
2026-07-19,fourth,1,9038,9038,38
2026-07-19,fourth,1,8788,8788,88
2026-07-19,fourth,1,6331,6331,31
2026-07-19,fourth,2,7890,7890,90
2026-07-19,fourth,2,7984,7984,84
2026-07-19,fourth,2,5739,5739,39
2026-07-19,fourth,2,2653,2653,53
2026-07-19,fourth,2,0844,0844,44
2026-07-19,fourth,2,7917,7917,17
2026-07-19,fourth,2,4632,4632,32
2026-07-19,fourth,3,0178,0178,78
2026-07-19,fourth,3,1271,1271,71
2026-07-19,fourth,3,5411,5411,11
2026-07-19,fourth,3,2083,2083,83
2026-07-19,fourth,3,1883,1883,83
2026-07-19,fourth,3,8057,8057,57
2026-07-19,fourth,3,6150,6150,50
2026-07-19,fourth,4,0605,0605,05
2026-07-19,fourth,4,6895,6895,95
2026-07-19,fourth,4,1885,1885,85
2026-07-19,fourth,4,1856,1856,56
2026-07-19,fourth,4,8719,8719,19
2026-07-19,fourth,4,4410,4410,10
2026-07-19,fourth,4,0553,0553,53
2026-07-19,second,1,51595,51595,95
2026-07-19,second,1,01230,01230,30
2026-07-19,second,1,32547,32547,47
2026-07-19,second,1,56517,56517,17
2026-07-19,second,1,58001,58001,01
2026-07-19,second,1,04046,04046,46
2026-07-19,second,1,52860,52860,60
2026-07-19,second,2,48463,48463,63
2026-07-19,second,2,11842,11842,42
2026-07-19,second,2,57993,57993,93
2026-07-19,second,2,64137,64137,37
2026-07-19,second,2,99011,99011,11
2026-07-19,second,2,79833,79833,33
2026-07-19,second,2,61224,61224,24
2026-07-19,seventh,1,81,81,81
2026-07-19,seventh,1,09,09,09
2026-07-19,seventh,1,10,10,10
2026-07-19,seventh,1,66,66,66
2026-07-19,seventh,1,72,72,72
2026-07-19,seventh,1,68,68,68
2026-07-19,seventh,1,97,97,97
2026-07-19,seventh,2,26,26,26
2026-07-19,seventh,2,19,19,19
2026-07-19,seventh,2,13,13,13
2026-07-19,seventh,2,80,80,80
2026-07-19,seventh,2,53,53,53
2026-07-19,seventh,2,39,39,39
2026-07-19,seventh,2,76,76,76
2026-07-19,seventh,3,57,57,57
2026-07-19,seventh,3,18,18,18
2026-07-19,seventh,3,46,46,46
2026-07-19,seventh,3,49,49,49
2026-07-19,seventh,3,05,05,05
2026-07-19,seventh,3,05,05,05
2026-07-19,seventh,3,05,05,05
2026-07-19,seventh,4,87,87,87
2026-07-19,seventh,4,68,68,68
2026-07-19,seventh,4,77,77,77
2026-07-19,seventh,4,61,61,61
2026-07-19,seventh,4,92,92,92
2026-07-19,seventh,4,75,75,75
2026-07-19,seventh,4,75,75,75
2026-07-19,sixth,1,009,009,09
2026-07-19,sixth,1,432,432,32
2026-07-19,sixth,1,526,526,26
2026-07-19,sixth,1,329,329,29
2026-07-19,sixth,1,777,777,77
2026-07-19,sixth,1,674,674,74
2026-07-19,sixth,1,889,889,89
2026-07-19,sixth,2,881,881,81
2026-07-19,sixth,2,946,946,46
2026-07-19,sixth,2,559,559,59
2026-07-19,sixth,2,663,663,63
2026-07-19,sixth,2,080,080,80
2026-07-19,sixth,2,612,612,12
2026-07-19,sixth,2,268,268,68
2026-07-19,sixth,3,811,811,11
2026-07-19,sixth,3,322,322,22
2026-07-19,sixth,3,669,669,69
2026-07-19,sixth,3,879,879,79
2026-07-19,sixth,3,533,533,33
2026-07-19,sixth,3,599,599,99
2026-07-19,sixth,3,080,080,80
2026-07-19,special,1,46438,46438,38
2026-07-19,special,1,26890,26890,90
2026-07-19,special,1,45739,45739,39
2026-07-19,special,1,96763,96763,63
2026-07-19,special,1,36119,36119,19
2026-07-19,special,1,59147,59147,47
2026-07-19,special,1,74299,74299,99
2026-07-19,third,1,30263,30263,63
2026-07-19,third,1,63453,63453,53
2026-07-19,third,1,89613,89613,13
2026-07-19,third,1,43177,43177,77
2026-07-19,third,1,14606,14606,06
2026-07-19,third,1,94592,94592,92
2026-07-19,third,1,56764,56764,64
2026-07-19,third,2,21438,21438,38
2026-07-19,third,2,15461,15461,61
2026-07-19,third,2,23070,23070,70
2026-07-19,third,2,31665,31665,65
2026-07-19,third,2,58735,58735,35
2026-07-19,third,2,17075,17075,75
2026-07-19,third,2,65767,65767,67
2026-07-19,third,3,36082,36082,82
2026-07-19,third,3,23354,23354,54
2026-07-19,third,3,94977,94977,77
2026-07-19,third,3,74360,74360,60
2026-07-19,third,3,99385,99385,85
2026-07-19,third,3,20686,20686,86
2026-07-19,third,3,54685,54685,85
2026-07-19,third,4,71442,71442,42
2026-07-19,third,4,06452,06452,52
2026-07-19,third,4,64494,64494,94
2026-07-19,third,4,98165,98165,65
2026-07-19,third,4,72547,72547,47
2026-07-19,third,4,30666,30666,66
2026-07-19,third,4,07842,07842,42
2026-07-19,third,5,83141,83141,41
2026-07-19,third,5,97221,97221,21
2026-07-19,third,5,04102,04102,02
2026-07-19,third,5,59063,59063,63
2026-07-19,third,5,80718,80718,18
2026-07-19,third,5,28817,28817,17
2026-07-19,third,5,95097,95097,97
2026-07-19,third,6,61558,61558,58
2026-07-19,third,6,85412,85412,12
2026-07-19,third,6,24502,24502,02
2026-07-19,third,6,00916,00916,16
2026-07-19,third,6,21292,21292,92
2026-07-19,third,6,53748,53748,48
2026-07-19,third,6,33930,33930,30
2026-07-20,fifth,1,9574,9574,74
2026-07-20,fifth,1,0250,0250,50
2026-07-20,fifth,1,1232,1232,32
2026-07-20,fifth,1,5250,5250,50
2026-07-20,fifth,1,0452,0452,52
2026-07-20,fifth,1,1086,1086,86
2026-07-20,fifth,1,8019,8019,19
2026-07-20,fifth,2,8427,8427,27
2026-07-20,fifth,2,3171,3171,71
2026-07-20,fifth,2,4485,4485,85
2026-07-20,fifth,2,7558,7558,58
2026-07-20,fifth,2,6287,6287,87
2026-07-20,fifth,2,5795,5795,95
2026-07-20,fifth,2,0382,0382,82
2026-07-20,fifth,3,7683,7683,83
2026-07-20,fifth,3,2143,2143,43
2026-07-20,fifth,3,2734,2734,34
2026-07-20,fifth,3,4729,4729,29
2026-07-20,fifth,3,6628,6628,28
2026-07-20,fifth,3,8557,8557,57
2026-07-20,fifth,3,0090,0090,90
2026-07-20,fifth,4,7174,7174,74
2026-07-20,fifth,4,2933,2933,33
2026-07-20,fifth,4,3346,3346,46
2026-07-20,fifth,4,1524,1524,24
2026-07-20,fifth,4,4037,4037,37
2026-07-20,fifth,4,5100,5100,00
2026-07-20,fifth,4,4549,4549,49
2026-07-20,fifth,5,3867,3867,67
2026-07-20,fifth,5,6953,6953,53
2026-07-20,fifth,5,0086,0086,86
2026-07-20,fifth,5,7035,7035,35
2026-07-20,fifth,5,3904,3904,04
2026-07-20,fifth,5,1170,1170,70
2026-07-20,fifth,5,0989,0989,89
2026-07-20,fifth,6,0477,0477,77
2026-07-20,fifth,6,3214,3214,14
2026-07-20,fifth,6,4972,4972,72
2026-07-20,fifth,6,4265,4265,65
2026-07-20,fifth,6,7946,7946,46
2026-07-20,fifth,6,3508,3508,08
2026-07-20,fifth,6,7879,7879,79
2026-07-20,first,1,66850,66850,50
2026-07-20,first,1,08368,08368,68
2026-07-20,first,1,01350,01350,50
2026-07-20,first,1,35027,35027,27
2026-07-20,first,1,16246,16246,46
2026-07-20,first,1,13772,13772,72
2026-07-20,first,1,71464,71464,64
2026-07-20,fourth,1,3337,3337,37
2026-07-20,fourth,1,6188,6188,88
2026-07-20,fourth,1,9542,9542,42
2026-07-20,fourth,1,5794,5794,94
2026-07-20,fourth,1,2733,2733,33
2026-07-20,fourth,1,9038,9038,38
2026-07-20,fourth,1,8788,8788,88
2026-07-20,fourth,2,6114,6114,14
2026-07-20,fourth,2,7890,7890,90
2026-07-20,fourth,2,7984,7984,84
2026-07-20,fourth,2,5739,5739,39
2026-07-20,fourth,2,2653,2653,53
2026-07-20,fourth,2,0844,0844,44
2026-07-20,fourth,2,7917,7917,17
2026-07-20,fourth,3,4588,4588,88
2026-07-20,fourth,3,0178,0178,78
2026-07-20,fourth,3,1271,1271,71
2026-07-20,fourth,3,5411,5411,11
2026-07-20,fourth,3,2083,2083,83
2026-07-20,fourth,3,1883,1883,83
2026-07-20,fourth,3,8057,8057,57
2026-07-20,fourth,4,7189,7189,89
2026-07-20,fourth,4,0605,0605,05
2026-07-20,fourth,4,6895,6895,95
2026-07-20,fourth,4,1885,1885,85
2026-07-20,fourth,4,1856,1856,56
2026-07-20,fourth,4,8719,8719,19
2026-07-20,fourth,4,4410,4410,10
2026-07-20,second,1,32789,32789,89
2026-07-20,second,1,51595,51595,95
2026-07-20,second,1,01230,01230,30
2026-07-20,second,1,32547,32547,47
2026-07-20,second,1,56517,56517,17
2026-07-20,second,1,58001,58001,01
2026-07-20,second,1,04046,04046,46
2026-07-20,second,2,07339,07339,39
2026-07-20,second,2,48463,48463,63
2026-07-20,second,2,11842,11842,42
2026-07-20,second,2,57993,57993,93
2026-07-20,second,2,64137,64137,37
2026-07-20,second,2,99011,99011,11
2026-07-20,second,2,79833,79833,33
2026-07-20,seventh,1,01,01,01
2026-07-20,seventh,1,81,81,81
2026-07-20,seventh,1,09,09,09
2026-07-20,seventh,1,10,10,10
2026-07-20,seventh,1,66,66,66
2026-07-20,seventh,1,72,72,72
2026-07-20,seventh,1,68,68,68
2026-07-20,seventh,2,44,44,44
2026-07-20,seventh,2,26,26,26
2026-07-20,seventh,2,19,19,19
2026-07-20,seventh,2,13,13,13
2026-07-20,seventh,2,80,80,80
2026-07-20,seventh,2,53,53,53
2026-07-20,seventh,2,39,39,39
2026-07-20,seventh,3,89,89,89
2026-07-20,seventh,3,57,57,57
2026-07-20,seventh,3,18,18,18
2026-07-20,seventh,3,46,46,46
2026-07-20,seventh,3,49,49,49
2026-07-20,seventh,3,05,05,05
2026-07-20,seventh,3,05,05,05
2026-07-20,seventh,4,63,63,63
2026-07-20,seventh,4,87,87,87
2026-07-20,seventh,4,68,68,68
2026-07-20,seventh,4,77,77,77
2026-07-20,seventh,4,61,61,61
2026-07-20,seventh,4,92,92,92
2026-07-20,seventh,4,75,75,75
2026-07-20,sixth,1,170,170,70
2026-07-20,sixth,1,009,009,09
2026-07-20,sixth,1,432,432,32
2026-07-20,sixth,1,526,526,26
2026-07-20,sixth,1,329,329,29
2026-07-20,sixth,1,777,777,77
2026-07-20,sixth,1,674,674,74
2026-07-20,sixth,2,436,436,36
2026-07-20,sixth,2,881,881,81
2026-07-20,sixth,2,946,946,46
2026-07-20,sixth,2,559,559,59
2026-07-20,sixth,2,663,663,63
2026-07-20,sixth,2,080,080,80
2026-07-20,sixth,2,612,612,12
2026-07-20,sixth,3,972,972,72
2026-07-20,sixth,3,811,811,11
2026-07-20,sixth,3,322,322,22
2026-07-20,sixth,3,669,669,69
2026-07-20,sixth,3,879,879,79
2026-07-20,sixth,3,533,533,33
2026-07-20,sixth,3,599,599,99
2026-07-20,special,1,39128,39128,28
2026-07-20,special,1,46438,46438,38
2026-07-20,special,1,26890,26890,90
2026-07-20,special,1,45739,45739,39
2026-07-20,special,1,96763,96763,63
2026-07-20,special,1,36119,36119,19
2026-07-20,special,1,59147,59147,47
2026-07-20,third,1,08556,08556,56
2026-07-20,third,1,30263,30263,63
2026-07-20,third,1,63453,63453,53
2026-07-20,third,1,89613,89613,13
2026-07-20,third,1,43177,43177,77
2026-07-20,third,1,14606,14606,06
2026-07-20,third,1,94592,94592,92
2026-07-20,third,2,22983,22983,83
2026-07-20,third,2,21438,21438,38
2026-07-20,third,2,15461,15461,61
2026-07-20,third,2,23070,23070,70
2026-07-20,third,2,31665,31665,65
2026-07-20,third,2,58735,58735,35
2026-07-20,third,2,17075,17075,75
2026-07-20,third,3,80160,80160,60
2026-07-20,third,3,36082,36082,82
2026-07-20,third,3,23354,23354,54
2026-07-20,third,3,94977,94977,77
2026-07-20,third,3,74360,74360,60
2026-07-20,third,3,99385,99385,85
2026-07-20,third,3,20686,20686,86
2026-07-20,third,4,37394,37394,94
2026-07-20,third,4,71442,71442,42
2026-07-20,third,4,06452,06452,52
2026-07-20,third,4,64494,64494,94
2026-07-20,third,4,98165,98165,65
2026-07-20,third,4,72547,72547,47
2026-07-20,third,4,30666,30666,66
2026-07-20,third,5,88718,88718,18
2026-07-20,third,5,83141,83141,41
2026-07-20,third,5,97221,97221,21
2026-07-20,third,5,04102,04102,02
2026-07-20,third,5,59063,59063,63
2026-07-20,third,5,80718,80718,18
2026-07-20,third,5,28817,28817,17
2026-07-20,third,6,60939,60939,39
2026-07-20,third,6,61558,61558,58
2026-07-20,third,6,85412,85412,12
2026-07-20,third,6,24502,24502,02
2026-07-20,third,6,00916,00916,16
2026-07-20,third,6,21292,21292,92
2026-07-20,third,6,53748,53748,48
2026-07-21,fifth,1,2163,2163,63
2026-07-21,fifth,1,9574,9574,74
2026-07-21,fifth,1,0250,0250,50
2026-07-21,fifth,1,1232,1232,32
2026-07-21,fifth,1,5250,5250,50
2026-07-21,fifth,1,0452,0452,52
2026-07-21,fifth,1,1086,1086,86
2026-07-21,fifth,2,0098,0098,98
2026-07-21,fifth,2,8427,8427,27
2026-07-21,fifth,2,3171,3171,71
2026-07-21,fifth,2,4485,4485,85
2026-07-21,fifth,2,7558,7558,58
2026-07-21,fifth,2,6287,6287,87
2026-07-21,fifth,2,5795,5795,95
2026-07-21,fifth,3,6826,6826,26
2026-07-21,fifth,3,7683,7683,83
2026-07-21,fifth,3,2143,2143,43
2026-07-21,fifth,3,2734,2734,34
2026-07-21,fifth,3,4729,4729,29
2026-07-21,fifth,3,6628,6628,28
2026-07-21,fifth,3,8557,8557,57
2026-07-21,fifth,4,1889,1889,89
2026-07-21,fifth,4,7174,7174,74
2026-07-21,fifth,4,2933,2933,33
2026-07-21,fifth,4,3346,3346,46
2026-07-21,fifth,4,1524,1524,24
2026-07-21,fifth,4,4037,4037,37
2026-07-21,fifth,4,5100,5100,00
2026-07-21,fifth,5,5084,5084,84
2026-07-21,fifth,5,3867,3867,67
2026-07-21,fifth,5,6953,6953,53
2026-07-21,fifth,5,0086,0086,86
2026-07-21,fifth,5,7035,7035,35
2026-07-21,fifth,5,3904,3904,04
2026-07-21,fifth,5,1170,1170,70
2026-07-21,fifth,6,6688,6688,88
2026-07-21,fifth,6,0477,0477,77
2026-07-21,fifth,6,3214,3214,14
2026-07-21,fifth,6,4972,4972,72
2026-07-21,fifth,6,4265,4265,65
2026-07-21,fifth,6,7946,7946,46
2026-07-21,fifth,6,3508,3508,08
2026-07-21,first,1,53507,53507,07
2026-07-21,first,1,66850,66850,50
2026-07-21,first,1,08368,08368,68
2026-07-21,first,1,01350,01350,50
2026-07-21,first,1,35027,35027,27
2026-07-21,first,1,16246,16246,46
2026-07-21,first,1,13772,13772,72
2026-07-21,fourth,1,4447,4447,47
2026-07-21,fourth,1,3337,3337,37
2026-07-21,fourth,1,6188,6188,88
2026-07-21,fourth,1,9542,9542,42
2026-07-21,fourth,1,5794,5794,94
2026-07-21,fourth,1,2733,2733,33
2026-07-21,fourth,1,9038,9038,38
2026-07-21,fourth,2,8375,8375,75
2026-07-21,fourth,2,6114,6114,14
2026-07-21,fourth,2,7890,7890,90
2026-07-21,fourth,2,7984,7984,84
2026-07-21,fourth,2,5739,5739,39
2026-07-21,fourth,2,2653,2653,53
2026-07-21,fourth,2,0844,0844,44
2026-07-21,fourth,3,1851,1851,51
2026-07-21,fourth,3,4588,4588,88
2026-07-21,fourth,3,0178,0178,78
2026-07-21,fourth,3,1271,1271,71
2026-07-21,fourth,3,5411,5411,11
2026-07-21,fourth,3,2083,2083,83
2026-07-21,fourth,3,1883,1883,83
2026-07-21,fourth,4,7753,7753,53
2026-07-21,fourth,4,7189,7189,89
2026-07-21,fourth,4,0605,0605,05
2026-07-21,fourth,4,6895,6895,95
2026-07-21,fourth,4,1885,1885,85
2026-07-21,fourth,4,1856,1856,56
2026-07-21,fourth,4,8719,8719,19
2026-07-21,second,1,41170,41170,70
2026-07-21,second,1,32789,32789,89
2026-07-21,second,1,51595,51595,95
2026-07-21,second,1,01230,01230,30
2026-07-21,second,1,32547,32547,47
2026-07-21,second,1,56517,56517,17
2026-07-21,second,1,58001,58001,01
2026-07-21,second,2,38206,38206,06
2026-07-21,second,2,07339,07339,39
2026-07-21,second,2,48463,48463,63
2026-07-21,second,2,11842,11842,42
2026-07-21,second,2,57993,57993,93
2026-07-21,second,2,64137,64137,37
2026-07-21,second,2,99011,99011,11
2026-07-21,seventh,1,97,97,97
2026-07-21,seventh,1,01,01,01
2026-07-21,seventh,1,81,81,81
2026-07-21,seventh,1,09,09,09
2026-07-21,seventh,1,10,10,10
2026-07-21,seventh,1,66,66,66
2026-07-21,seventh,1,72,72,72
2026-07-21,seventh,2,94,94,94
2026-07-21,seventh,2,44,44,44
2026-07-21,seventh,2,26,26,26
2026-07-21,seventh,2,19,19,19
2026-07-21,seventh,2,13,13,13
2026-07-21,seventh,2,80,80,80
2026-07-21,seventh,2,53,53,53
2026-07-21,seventh,3,83,83,83
2026-07-21,seventh,3,89,89,89
2026-07-21,seventh,3,57,57,57
2026-07-21,seventh,3,18,18,18
2026-07-21,seventh,3,46,46,46
2026-07-21,seventh,3,49,49,49
2026-07-21,seventh,3,05,05,05
2026-07-21,seventh,4,09,09,09
2026-07-21,seventh,4,63,63,63
2026-07-21,seventh,4,87,87,87
2026-07-21,seventh,4,68,68,68
2026-07-21,seventh,4,77,77,77
2026-07-21,seventh,4,61,61,61
2026-07-21,seventh,4,92,92,92
2026-07-21,sixth,1,353,353,53
2026-07-21,sixth,1,170,170,70
2026-07-21,sixth,1,009,009,09
2026-07-21,sixth,1,432,432,32
2026-07-21,sixth,1,526,526,26
2026-07-21,sixth,1,329,329,29
2026-07-21,sixth,1,777,777,77
2026-07-21,sixth,2,588,588,88
2026-07-21,sixth,2,436,436,36
2026-07-21,sixth,2,881,881,81
2026-07-21,sixth,2,946,946,46
2026-07-21,sixth,2,559,559,59
2026-07-21,sixth,2,663,663,63
2026-07-21,sixth,2,080,080,80
2026-07-21,sixth,3,274,274,74
2026-07-21,sixth,3,972,972,72
2026-07-21,sixth,3,811,811,11
2026-07-21,sixth,3,322,322,22
2026-07-21,sixth,3,669,669,69
2026-07-21,sixth,3,879,879,79
2026-07-21,sixth,3,533,533,33
2026-07-21,special,1,73070,73070,70
2026-07-21,special,1,39128,39128,28
2026-07-21,special,1,46438,46438,38
2026-07-21,special,1,26890,26890,90
2026-07-21,special,1,45739,45739,39
2026-07-21,special,1,96763,96763,63
2026-07-21,special,1,36119,36119,19
2026-07-21,third,1,70744,70744,44
2026-07-21,third,1,08556,08556,56
2026-07-21,third,1,30263,30263,63
2026-07-21,third,1,63453,63453,53
2026-07-21,third,1,89613,89613,13
2026-07-21,third,1,43177,43177,77
2026-07-21,third,1,14606,14606,06
2026-07-21,third,2,69251,69251,51
2026-07-21,third,2,22983,22983,83
2026-07-21,third,2,21438,21438,38
2026-07-21,third,2,15461,15461,61
2026-07-21,third,2,23070,23070,70
2026-07-21,third,2,31665,31665,65
2026-07-21,third,2,58735,58735,35
2026-07-21,third,3,12117,12117,17
2026-07-21,third,3,80160,80160,60
2026-07-21,third,3,36082,36082,82
2026-07-21,third,3,23354,23354,54
2026-07-21,third,3,94977,94977,77
2026-07-21,third,3,74360,74360,60
2026-07-21,third,3,99385,99385,85
2026-07-21,third,4,02562,02562,62
2026-07-21,third,4,37394,37394,94
2026-07-21,third,4,71442,71442,42
2026-07-21,third,4,06452,06452,52
2026-07-21,third,4,64494,64494,94
2026-07-21,third,4,98165,98165,65
2026-07-21,third,4,72547,72547,47
2026-07-21,third,5,94406,94406,06
2026-07-21,third,5,88718,88718,18
2026-07-21,third,5,83141,83141,41
2026-07-21,third,5,97221,97221,21
2026-07-21,third,5,04102,04102,02
2026-07-21,third,5,59063,59063,63
2026-07-21,third,5,80718,80718,18
2026-07-21,third,6,15772,15772,72
2026-07-21,third,6,60939,60939,39
2026-07-21,third,6,61558,61558,58
2026-07-21,third,6,85412,85412,12
2026-07-21,third,6,24502,24502,02
2026-07-21,third,6,00916,00916,16
2026-07-21,third,6,21292,21292,92
2026-07-22,fifth,1,1986,1986,86
2026-07-22,fifth,1,2163,2163,63
2026-07-22,fifth,1,9574,9574,74
2026-07-22,fifth,1,0250,0250,50
2026-07-22,fifth,1,1232,1232,32
2026-07-22,fifth,1,5250,5250,50
2026-07-22,fifth,1,0452,0452,52
2026-07-22,fifth,2,0610,0610,10
2026-07-22,fifth,2,0098,0098,98
2026-07-22,fifth,2,8427,8427,27
2026-07-22,fifth,2,3171,3171,71
2026-07-22,fifth,2,4485,4485,85
2026-07-22,fifth,2,7558,7558,58
2026-07-22,fifth,2,6287,6287,87
2026-07-22,fifth,3,1926,1926,26
2026-07-22,fifth,3,6826,6826,26
2026-07-22,fifth,3,7683,7683,83
2026-07-22,fifth,3,2143,2143,43
2026-07-22,fifth,3,2734,2734,34
2026-07-22,fifth,3,4729,4729,29
2026-07-22,fifth,3,6628,6628,28
2026-07-22,fifth,4,0752,0752,52
2026-07-22,fifth,4,1889,1889,89
2026-07-22,fifth,4,7174,7174,74
2026-07-22,fifth,4,2933,2933,33
2026-07-22,fifth,4,3346,3346,46
2026-07-22,fifth,4,1524,1524,24
2026-07-22,fifth,4,4037,4037,37
2026-07-22,fifth,5,2542,2542,42
2026-07-22,fifth,5,5084,5084,84
2026-07-22,fifth,5,3867,3867,67
2026-07-22,fifth,5,6953,6953,53
2026-07-22,fifth,5,0086,0086,86
2026-07-22,fifth,5,7035,7035,35
2026-07-22,fifth,5,3904,3904,04
2026-07-22,fifth,6,3481,3481,81
2026-07-22,fifth,6,6688,6688,88
2026-07-22,fifth,6,0477,0477,77
2026-07-22,fifth,6,3214,3214,14
2026-07-22,fifth,6,4972,4972,72
2026-07-22,fifth,6,4265,4265,65
2026-07-22,fifth,6,7946,7946,46
2026-07-22,first,1,31749,31749,49
2026-07-22,first,1,53507,53507,07
2026-07-22,first,1,66850,66850,50
2026-07-22,first,1,08368,08368,68
2026-07-22,first,1,01350,01350,50
2026-07-22,first,1,35027,35027,27
2026-07-22,first,1,16246,16246,46
2026-07-22,fourth,1,8030,8030,30
2026-07-22,fourth,1,4447,4447,47
2026-07-22,fourth,1,3337,3337,37
2026-07-22,fourth,1,6188,6188,88
2026-07-22,fourth,1,9542,9542,42
2026-07-22,fourth,1,5794,5794,94
2026-07-22,fourth,1,2733,2733,33
2026-07-22,fourth,2,1582,1582,82
2026-07-22,fourth,2,8375,8375,75
2026-07-22,fourth,2,6114,6114,14
2026-07-22,fourth,2,7890,7890,90
2026-07-22,fourth,2,7984,7984,84
2026-07-22,fourth,2,5739,5739,39
2026-07-22,fourth,2,2653,2653,53
2026-07-22,fourth,3,0319,0319,19
2026-07-22,fourth,3,1851,1851,51
2026-07-22,fourth,3,4588,4588,88
2026-07-22,fourth,3,0178,0178,78
2026-07-22,fourth,3,1271,1271,71
2026-07-22,fourth,3,5411,5411,11
2026-07-22,fourth,3,2083,2083,83
2026-07-22,fourth,4,9284,9284,84
2026-07-22,fourth,4,7753,7753,53
2026-07-22,fourth,4,7189,7189,89
2026-07-22,fourth,4,0605,0605,05
2026-07-22,fourth,4,6895,6895,95
2026-07-22,fourth,4,1885,1885,85
2026-07-22,fourth,4,1856,1856,56
2026-07-22,second,1,55383,55383,83
2026-07-22,second,1,41170,41170,70
2026-07-22,second,1,32789,32789,89
2026-07-22,second,1,51595,51595,95
2026-07-22,second,1,01230,01230,30
2026-07-22,second,1,32547,32547,47
2026-07-22,second,1,56517,56517,17
2026-07-22,second,2,66606,66606,06
2026-07-22,second,2,38206,38206,06
2026-07-22,second,2,07339,07339,39
2026-07-22,second,2,48463,48463,63
2026-07-22,second,2,11842,11842,42
2026-07-22,second,2,57993,57993,93
2026-07-22,second,2,64137,64137,37
2026-07-22,seventh,1,12,12,12
2026-07-22,seventh,1,97,97,97
2026-07-22,seventh,1,01,01,01
2026-07-22,seventh,1,81,81,81
2026-07-22,seventh,1,09,09,09
2026-07-22,seventh,1,10,10,10
2026-07-22,seventh,1,66,66,66
2026-07-22,seventh,2,54,54,54
2026-07-22,seventh,2,94,94,94
2026-07-22,seventh,2,44,44,44
2026-07-22,seventh,2,26,26,26
2026-07-22,seventh,2,19,19,19
2026-07-22,seventh,2,13,13,13
2026-07-22,seventh,2,80,80,80
2026-07-22,seventh,3,05,05,05
2026-07-22,seventh,3,83,83,83
2026-07-22,seventh,3,89,89,89
2026-07-22,seventh,3,57,57,57
2026-07-22,seventh,3,18,18,18
2026-07-22,seventh,3,46,46,46
2026-07-22,seventh,3,49,49,49
2026-07-22,seventh,4,91,91,91
2026-07-22,seventh,4,09,09,09
2026-07-22,seventh,4,63,63,63
2026-07-22,seventh,4,87,87,87
2026-07-22,seventh,4,68,68,68
2026-07-22,seventh,4,77,77,77
2026-07-22,seventh,4,61,61,61
2026-07-22,sixth,1,968,968,68
2026-07-22,sixth,1,353,353,53
2026-07-22,sixth,1,170,170,70
2026-07-22,sixth,1,009,009,09
2026-07-22,sixth,1,432,432,32
2026-07-22,sixth,1,526,526,26
2026-07-22,sixth,1,329,329,29
2026-07-22,sixth,2,361,361,61
2026-07-22,sixth,2,588,588,88
2026-07-22,sixth,2,436,436,36
2026-07-22,sixth,2,881,881,81
2026-07-22,sixth,2,946,946,46
2026-07-22,sixth,2,559,559,59
2026-07-22,sixth,2,663,663,63
2026-07-22,sixth,3,930,930,30
2026-07-22,sixth,3,274,274,74
2026-07-22,sixth,3,972,972,72
2026-07-22,sixth,3,811,811,11
2026-07-22,sixth,3,322,322,22
2026-07-22,sixth,3,669,669,69
2026-07-22,sixth,3,879,879,79
2026-07-22,special,1,92154,92154,54
2026-07-22,special,1,73070,73070,70
2026-07-22,special,1,39128,39128,28
2026-07-22,special,1,46438,46438,38
2026-07-22,special,1,26890,26890,90
2026-07-22,special,1,45739,45739,39
2026-07-22,special,1,96763,96763,63
2026-07-22,third,1,41613,41613,13
2026-07-22,third,1,70744,70744,44
2026-07-22,third,1,08556,08556,56
2026-07-22,third,1,30263,30263,63
2026-07-22,third,1,63453,63453,53
2026-07-22,third,1,89613,89613,13
2026-07-22,third,1,43177,43177,77
2026-07-22,third,2,05945,05945,45
2026-07-22,third,2,69251,69251,51
2026-07-22,third,2,22983,22983,83
2026-07-22,third,2,21438,21438,38
2026-07-22,third,2,15461,15461,61
2026-07-22,third,2,23070,23070,70
2026-07-22,third,2,31665,31665,65
2026-07-22,third,3,44849,44849,49
2026-07-22,third,3,12117,12117,17
2026-07-22,third,3,80160,80160,60
2026-07-22,third,3,36082,36082,82
2026-07-22,third,3,23354,23354,54
2026-07-22,third,3,94977,94977,77
2026-07-22,third,3,74360,74360,60
2026-07-22,third,4,03911,03911,11
2026-07-22,third,4,02562,02562,62
2026-07-22,third,4,37394,37394,94
2026-07-22,third,4,71442,71442,42
2026-07-22,third,4,06452,06452,52
2026-07-22,third,4,64494,64494,94
2026-07-22,third,4,98165,98165,65
2026-07-22,third,5,53013,53013,13
2026-07-22,third,5,94406,94406,06
2026-07-22,third,5,88718,88718,18
2026-07-22,third,5,83141,83141,41
2026-07-22,third,5,97221,97221,21
2026-07-22,third,5,04102,04102,02
2026-07-22,third,5,59063,59063,63
2026-07-22,third,6,38592,38592,92
2026-07-22,third,6,15772,15772,72
2026-07-22,third,6,60939,60939,39
2026-07-22,third,6,61558,61558,58
2026-07-22,third,6,85412,85412,12
2026-07-22,third,6,24502,24502,02
2026-07-22,third,6,00916,00916,16
2026-07-23,fifth,1,0390,0390,90
2026-07-23,fifth,1,1986,1986,86
2026-07-23,fifth,1,2163,2163,63
2026-07-23,fifth,1,9574,9574,74
2026-07-23,fifth,1,0250,0250,50
2026-07-23,fifth,1,1232,1232,32
2026-07-23,fifth,1,5250,5250,50
2026-07-23,fifth,2,1481,1481,81
2026-07-23,fifth,2,0610,0610,10
2026-07-23,fifth,2,0098,0098,98
2026-07-23,fifth,2,8427,8427,27
2026-07-23,fifth,2,3171,3171,71
2026-07-23,fifth,2,4485,4485,85
2026-07-23,fifth,2,7558,7558,58
2026-07-23,fifth,3,3661,3661,61
2026-07-23,fifth,3,1926,1926,26
2026-07-23,fifth,3,6826,6826,26
2026-07-23,fifth,3,7683,7683,83
2026-07-23,fifth,3,2143,2143,43
2026-07-23,fifth,3,2734,2734,34
2026-07-23,fifth,3,4729,4729,29
2026-07-23,fifth,4,1795,1795,95
2026-07-23,fifth,4,0752,0752,52
2026-07-23,fifth,4,1889,1889,89
2026-07-23,fifth,4,7174,7174,74
2026-07-23,fifth,4,2933,2933,33
2026-07-23,fifth,4,3346,3346,46
2026-07-23,fifth,4,1524,1524,24
2026-07-23,fifth,5,9254,9254,54
2026-07-23,fifth,5,2542,2542,42
2026-07-23,fifth,5,5084,5084,84
2026-07-23,fifth,5,3867,3867,67
2026-07-23,fifth,5,6953,6953,53
2026-07-23,fifth,5,0086,0086,86
2026-07-23,fifth,5,7035,7035,35
2026-07-23,fifth,6,5867,5867,67
2026-07-23,fifth,6,3481,3481,81
2026-07-23,fifth,6,6688,6688,88
2026-07-23,fifth,6,0477,0477,77
2026-07-23,fifth,6,3214,3214,14
2026-07-23,fifth,6,4972,4972,72
2026-07-23,fifth,6,4265,4265,65
2026-07-23,first,1,62917,62917,17
2026-07-23,first,1,31749,31749,49
2026-07-23,first,1,53507,53507,07
2026-07-23,first,1,66850,66850,50
2026-07-23,first,1,08368,08368,68
2026-07-23,first,1,01350,01350,50
2026-07-23,first,1,35027,35027,27
2026-07-23,fourth,1,5335,5335,35
2026-07-23,fourth,1,8030,8030,30
2026-07-23,fourth,1,4447,4447,47
2026-07-23,fourth,1,3337,3337,37
2026-07-23,fourth,1,6188,6188,88
2026-07-23,fourth,1,9542,9542,42
2026-07-23,fourth,1,5794,5794,94
2026-07-23,fourth,2,5793,5793,93
2026-07-23,fourth,2,1582,1582,82
2026-07-23,fourth,2,8375,8375,75
2026-07-23,fourth,2,6114,6114,14
2026-07-23,fourth,2,7890,7890,90
2026-07-23,fourth,2,7984,7984,84
2026-07-23,fourth,2,5739,5739,39
2026-07-23,fourth,3,7165,7165,65
2026-07-23,fourth,3,0319,0319,19
2026-07-23,fourth,3,1851,1851,51
2026-07-23,fourth,3,4588,4588,88
2026-07-23,fourth,3,0178,0178,78
2026-07-23,fourth,3,1271,1271,71
2026-07-23,fourth,3,5411,5411,11
2026-07-23,fourth,4,8723,8723,23
2026-07-23,fourth,4,9284,9284,84
2026-07-23,fourth,4,7753,7753,53
2026-07-23,fourth,4,7189,7189,89
2026-07-23,fourth,4,0605,0605,05
2026-07-23,fourth,4,6895,6895,95
2026-07-23,fourth,4,1885,1885,85
2026-07-23,second,1,53760,53760,60
2026-07-23,second,1,55383,55383,83
2026-07-23,second,1,41170,41170,70
2026-07-23,second,1,32789,32789,89
2026-07-23,second,1,51595,51595,95
2026-07-23,second,1,01230,01230,30
2026-07-23,second,1,32547,32547,47
2026-07-23,second,2,72252,72252,52
2026-07-23,second,2,66606,66606,06
2026-07-23,second,2,38206,38206,06
2026-07-23,second,2,07339,07339,39
2026-07-23,second,2,48463,48463,63
2026-07-23,second,2,11842,11842,42
2026-07-23,second,2,57993,57993,93
2026-07-23,seventh,1,63,63,63
2026-07-23,seventh,1,12,12,12
2026-07-23,seventh,1,97,97,97
2026-07-23,seventh,1,01,01,01
2026-07-23,seventh,1,81,81,81
2026-07-23,seventh,1,09,09,09
2026-07-23,seventh,1,10,10,10
2026-07-23,seventh,2,75,75,75
2026-07-23,seventh,2,54,54,54
2026-07-23,seventh,2,94,94,94
2026-07-23,seventh,2,44,44,44
2026-07-23,seventh,2,26,26,26
2026-07-23,seventh,2,19,19,19
2026-07-23,seventh,2,13,13,13
2026-07-23,seventh,3,67,67,67
2026-07-23,seventh,3,05,05,05
2026-07-23,seventh,3,83,83,83
2026-07-23,seventh,3,89,89,89
2026-07-23,seventh,3,57,57,57
2026-07-23,seventh,3,18,18,18
2026-07-23,seventh,3,46,46,46
2026-07-23,seventh,4,99,99,99
2026-07-23,seventh,4,91,91,91
2026-07-23,seventh,4,09,09,09
2026-07-23,seventh,4,63,63,63
2026-07-23,seventh,4,87,87,87
2026-07-23,seventh,4,68,68,68
2026-07-23,seventh,4,77,77,77
2026-07-23,sixth,1,508,508,08
2026-07-23,sixth,1,968,968,68
2026-07-23,sixth,1,353,353,53
2026-07-23,sixth,1,170,170,70
2026-07-23,sixth,1,009,009,09
2026-07-23,sixth,1,432,432,32
2026-07-23,sixth,1,526,526,26
2026-07-23,sixth,2,217,217,17
2026-07-23,sixth,2,361,361,61
2026-07-23,sixth,2,588,588,88
2026-07-23,sixth,2,436,436,36
2026-07-23,sixth,2,881,881,81
2026-07-23,sixth,2,946,946,46
2026-07-23,sixth,2,559,559,59
2026-07-23,sixth,3,466,466,66
2026-07-23,sixth,3,930,930,30
2026-07-23,sixth,3,274,274,74
2026-07-23,sixth,3,972,972,72
2026-07-23,sixth,3,811,811,11
2026-07-23,sixth,3,322,322,22
2026-07-23,sixth,3,669,669,69
2026-07-23,special,1,78754,78754,54
2026-07-23,special,1,92154,92154,54
2026-07-23,special,1,73070,73070,70
2026-07-23,special,1,39128,39128,28
2026-07-23,special,1,46438,46438,38
2026-07-23,special,1,26890,26890,90
2026-07-23,special,1,45739,45739,39
2026-07-23,third,1,31582,31582,82
2026-07-23,third,1,41613,41613,13
2026-07-23,third,1,70744,70744,44
2026-07-23,third,1,08556,08556,56
2026-07-23,third,1,30263,30263,63
2026-07-23,third,1,63453,63453,53
2026-07-23,third,1,89613,89613,13
2026-07-23,third,2,92606,92606,06
2026-07-23,third,2,05945,05945,45
2026-07-23,third,2,69251,69251,51
2026-07-23,third,2,22983,22983,83
2026-07-23,third,2,21438,21438,38
2026-07-23,third,2,15461,15461,61
2026-07-23,third,2,23070,23070,70
2026-07-23,third,3,47748,47748,48
2026-07-23,third,3,44849,44849,49
2026-07-23,third,3,12117,12117,17
2026-07-23,third,3,80160,80160,60
2026-07-23,third,3,36082,36082,82
2026-07-23,third,3,23354,23354,54
2026-07-23,third,3,94977,94977,77
2026-07-23,third,4,35182,35182,82
2026-07-23,third,4,03911,03911,11
2026-07-23,third,4,02562,02562,62
2026-07-23,third,4,37394,37394,94
2026-07-23,third,4,71442,71442,42
2026-07-23,third,4,06452,06452,52
2026-07-23,third,4,64494,64494,94
2026-07-23,third,5,93739,93739,39
2026-07-23,third,5,53013,53013,13
2026-07-23,third,5,94406,94406,06
2026-07-23,third,5,88718,88718,18
2026-07-23,third,5,83141,83141,41
2026-07-23,third,5,97221,97221,21
2026-07-23,third,5,04102,04102,02
2026-07-23,third,6,05434,05434,34
2026-07-23,third,6,38592,38592,92
2026-07-23,third,6,15772,15772,72
2026-07-23,third,6,60939,60939,39
2026-07-23,third,6,61558,61558,58
2026-07-23,third,6,85412,85412,12
2026-07-23,third,6,24502,24502,02
2026-07-24,fifth,1,4662,4662,62
2026-07-24,fifth,1,0390,0390,90
2026-07-24,fifth,1,1986,1986,86
2026-07-24,fifth,1,2163,2163,63
2026-07-24,fifth,1,9574,9574,74
2026-07-24,fifth,1,0250,0250,50
2026-07-24,fifth,1,1232,1232,32
2026-07-24,fifth,2,3343,3343,43
2026-07-24,fifth,2,1481,1481,81
2026-07-24,fifth,2,0610,0610,10
2026-07-24,fifth,2,0098,0098,98
2026-07-24,fifth,2,8427,8427,27
2026-07-24,fifth,2,3171,3171,71
2026-07-24,fifth,2,4485,4485,85
2026-07-24,fifth,3,9982,9982,82
2026-07-24,fifth,3,3661,3661,61
2026-07-24,fifth,3,1926,1926,26
2026-07-24,fifth,3,6826,6826,26
2026-07-24,fifth,3,7683,7683,83
2026-07-24,fifth,3,2143,2143,43
2026-07-24,fifth,3,2734,2734,34
2026-07-24,fifth,4,0464,0464,64
2026-07-24,fifth,4,1795,1795,95
2026-07-24,fifth,4,0752,0752,52
2026-07-24,fifth,4,1889,1889,89
2026-07-24,fifth,4,7174,7174,74
2026-07-24,fifth,4,2933,2933,33
2026-07-24,fifth,4,3346,3346,46
2026-07-24,fifth,5,0713,0713,13
2026-07-24,fifth,5,9254,9254,54
2026-07-24,fifth,5,2542,2542,42
2026-07-24,fifth,5,5084,5084,84
2026-07-24,fifth,5,3867,3867,67
2026-07-24,fifth,5,6953,6953,53
2026-07-24,fifth,5,0086,0086,86
2026-07-24,fifth,6,0765,0765,65
2026-07-24,fifth,6,5867,5867,67
2026-07-24,fifth,6,3481,3481,81
2026-07-24,fifth,6,6688,6688,88
2026-07-24,fifth,6,0477,0477,77
2026-07-24,fifth,6,3214,3214,14
2026-07-24,fifth,6,4972,4972,72
2026-07-24,first,1,64617,64617,17
2026-07-24,first,1,62917,62917,17
2026-07-24,first,1,31749,31749,49
2026-07-24,first,1,53507,53507,07
2026-07-24,first,1,66850,66850,50
2026-07-24,first,1,08368,08368,68
2026-07-24,first,1,01350,01350,50
2026-07-24,fourth,1,4495,4495,95
2026-07-24,fourth,1,5335,5335,35
2026-07-24,fourth,1,8030,8030,30
2026-07-24,fourth,1,4447,4447,47
2026-07-24,fourth,1,3337,3337,37
2026-07-24,fourth,1,6188,6188,88
2026-07-24,fourth,1,9542,9542,42
2026-07-24,fourth,2,3440,3440,40
2026-07-24,fourth,2,5793,5793,93
2026-07-24,fourth,2,1582,1582,82
2026-07-24,fourth,2,8375,8375,75
2026-07-24,fourth,2,6114,6114,14
2026-07-24,fourth,2,7890,7890,90
2026-07-24,fourth,2,7984,7984,84
2026-07-24,fourth,3,1324,1324,24
2026-07-24,fourth,3,7165,7165,65
2026-07-24,fourth,3,0319,0319,19
2026-07-24,fourth,3,1851,1851,51
2026-07-24,fourth,3,4588,4588,88
2026-07-24,fourth,3,0178,0178,78
2026-07-24,fourth,3,1271,1271,71
2026-07-24,fourth,4,1545,1545,45
2026-07-24,fourth,4,8723,8723,23
2026-07-24,fourth,4,9284,9284,84
2026-07-24,fourth,4,7753,7753,53
2026-07-24,fourth,4,7189,7189,89
2026-07-24,fourth,4,0605,0605,05
2026-07-24,fourth,4,6895,6895,95
2026-07-24,second,1,66080,66080,80
2026-07-24,second,1,53760,53760,60
2026-07-24,second,1,55383,55383,83
2026-07-24,second,1,41170,41170,70
2026-07-24,second,1,32789,32789,89
2026-07-24,second,1,51595,51595,95
2026-07-24,second,1,01230,01230,30
2026-07-24,second,2,86525,86525,25
2026-07-24,second,2,72252,72252,52
2026-07-24,second,2,66606,66606,06
2026-07-24,second,2,38206,38206,06
2026-07-24,second,2,07339,07339,39
2026-07-24,second,2,48463,48463,63
2026-07-24,second,2,11842,11842,42
2026-07-24,seventh,1,24,24,24
2026-07-24,seventh,1,63,63,63
2026-07-24,seventh,1,12,12,12
2026-07-24,seventh,1,97,97,97
2026-07-24,seventh,1,01,01,01
2026-07-24,seventh,1,81,81,81
2026-07-24,seventh,1,09,09,09
2026-07-24,seventh,2,68,68,68
2026-07-24,seventh,2,75,75,75
2026-07-24,seventh,2,54,54,54
2026-07-24,seventh,2,94,94,94
2026-07-24,seventh,2,44,44,44
2026-07-24,seventh,2,26,26,26
2026-07-24,seventh,2,19,19,19
2026-07-24,seventh,3,85,85,85
2026-07-24,seventh,3,67,67,67
2026-07-24,seventh,3,05,05,05
2026-07-24,seventh,3,83,83,83
2026-07-24,seventh,3,89,89,89
2026-07-24,seventh,3,57,57,57
2026-07-24,seventh,3,18,18,18
2026-07-24,seventh,4,50,50,50
2026-07-24,seventh,4,99,99,99
2026-07-24,seventh,4,91,91,91
2026-07-24,seventh,4,09,09,09
2026-07-24,seventh,4,63,63,63
2026-07-24,seventh,4,87,87,87
2026-07-24,seventh,4,68,68,68
2026-07-24,sixth,1,074,074,74
2026-07-24,sixth,1,508,508,08
2026-07-24,sixth,1,968,968,68
2026-07-24,sixth,1,353,353,53
2026-07-24,sixth,1,170,170,70
2026-07-24,sixth,1,009,009,09
2026-07-24,sixth,1,432,432,32
2026-07-24,sixth,2,976,976,76
2026-07-24,sixth,2,217,217,17
2026-07-24,sixth,2,361,361,61
2026-07-24,sixth,2,588,588,88
2026-07-24,sixth,2,436,436,36
2026-07-24,sixth,2,881,881,81
2026-07-24,sixth,2,946,946,46
2026-07-24,sixth,3,278,278,78
2026-07-24,sixth,3,466,466,66
2026-07-24,sixth,3,930,930,30
2026-07-24,sixth,3,274,274,74
2026-07-24,sixth,3,972,972,72
2026-07-24,sixth,3,811,811,11
2026-07-24,sixth,3,322,322,22
2026-07-24,special,1,94738,94738,38
2026-07-24,special,1,78754,78754,54
2026-07-24,special,1,92154,92154,54
2026-07-24,special,1,73070,73070,70
2026-07-24,special,1,39128,39128,28
2026-07-24,special,1,46438,46438,38
2026-07-24,special,1,26890,26890,90
2026-07-24,third,1,88137,88137,37
2026-07-24,third,1,31582,31582,82
2026-07-24,third,1,41613,41613,13
2026-07-24,third,1,70744,70744,44
2026-07-24,third,1,08556,08556,56
2026-07-24,third,1,30263,30263,63
2026-07-24,third,1,63453,63453,53
2026-07-24,third,2,24070,24070,70
2026-07-24,third,2,92606,92606,06
2026-07-24,third,2,05945,05945,45
2026-07-24,third,2,69251,69251,51
2026-07-24,third,2,22983,22983,83
2026-07-24,third,2,21438,21438,38
2026-07-24,third,2,15461,15461,61
2026-07-24,third,3,45357,45357,57
2026-07-24,third,3,47748,47748,48
2026-07-24,third,3,44849,44849,49
2026-07-24,third,3,12117,12117,17
2026-07-24,third,3,80160,80160,60
2026-07-24,third,3,36082,36082,82
2026-07-24,third,3,23354,23354,54
2026-07-24,third,4,96965,96965,65
2026-07-24,third,4,35182,35182,82
2026-07-24,third,4,03911,03911,11
2026-07-24,third,4,02562,02562,62
2026-07-24,third,4,37394,37394,94
2026-07-24,third,4,71442,71442,42
2026-07-24,third,4,06452,06452,52
2026-07-24,third,5,79008,79008,08
2026-07-24,third,5,93739,93739,39
2026-07-24,third,5,53013,53013,13
2026-07-24,third,5,94406,94406,06
2026-07-24,third,5,88718,88718,18
2026-07-24,third,5,83141,83141,41
2026-07-24,third,5,97221,97221,21
2026-07-24,third,6,81453,81453,53
2026-07-24,third,6,05434,05434,34
2026-07-24,third,6,38592,38592,92
2026-07-24,third,6,15772,15772,72
2026-07-24,third,6,60939,60939,39
2026-07-24,third,6,61558,61558,58
2026-07-24,third,6,85412,85412,12
2026-07-25,fifth,1,3871,3871,71
2026-07-25,fifth,1,4662,4662,62
2026-07-25,fifth,1,0390,0390,90
2026-07-25,fifth,1,1986,1986,86
2026-07-25,fifth,1,2163,2163,63
2026-07-25,fifth,1,9574,9574,74
2026-07-25,fifth,1,0250,0250,50
2026-07-25,fifth,2,1098,1098,98
2026-07-25,fifth,2,3343,3343,43
2026-07-25,fifth,2,1481,1481,81
2026-07-25,fifth,2,0610,0610,10
2026-07-25,fifth,2,0098,0098,98
2026-07-25,fifth,2,8427,8427,27
2026-07-25,fifth,2,3171,3171,71
2026-07-25,fifth,3,5229,5229,29
2026-07-25,fifth,3,9982,9982,82
2026-07-25,fifth,3,3661,3661,61
2026-07-25,fifth,3,1926,1926,26
2026-07-25,fifth,3,6826,6826,26
2026-07-25,fifth,3,7683,7683,83
2026-07-25,fifth,3,2143,2143,43
2026-07-25,fifth,4,6719,6719,19
2026-07-25,fifth,4,0464,0464,64
2026-07-25,fifth,4,1795,1795,95
2026-07-25,fifth,4,0752,0752,52
2026-07-25,fifth,4,1889,1889,89
2026-07-25,fifth,4,7174,7174,74
2026-07-25,fifth,4,2933,2933,33
2026-07-25,fifth,5,9881,9881,81
2026-07-25,fifth,5,0713,0713,13
2026-07-25,fifth,5,9254,9254,54
2026-07-25,fifth,5,2542,2542,42
2026-07-25,fifth,5,5084,5084,84
2026-07-25,fifth,5,3867,3867,67
2026-07-25,fifth,5,6953,6953,53
2026-07-25,fifth,6,3605,3605,05
2026-07-25,fifth,6,0765,0765,65
2026-07-25,fifth,6,5867,5867,67
2026-07-25,fifth,6,3481,3481,81
2026-07-25,fifth,6,6688,6688,88
2026-07-25,fifth,6,0477,0477,77
2026-07-25,fifth,6,3214,3214,14
2026-07-25,first,1,13978,13978,78
2026-07-25,first,1,64617,64617,17
2026-07-25,first,1,62917,62917,17
2026-07-25,first,1,31749,31749,49
2026-07-25,first,1,53507,53507,07
2026-07-25,first,1,66850,66850,50
2026-07-25,first,1,08368,08368,68
2026-07-25,fourth,1,9561,9561,61
2026-07-25,fourth,1,4495,4495,95
2026-07-25,fourth,1,5335,5335,35
2026-07-25,fourth,1,8030,8030,30
2026-07-25,fourth,1,4447,4447,47
2026-07-25,fourth,1,3337,3337,37
2026-07-25,fourth,1,6188,6188,88
2026-07-25,fourth,2,2529,2529,29
2026-07-25,fourth,2,3440,3440,40
2026-07-25,fourth,2,5793,5793,93
2026-07-25,fourth,2,1582,1582,82
2026-07-25,fourth,2,8375,8375,75
2026-07-25,fourth,2,6114,6114,14
2026-07-25,fourth,2,7890,7890,90
2026-07-25,fourth,3,2296,2296,96
2026-07-25,fourth,3,1324,1324,24
2026-07-25,fourth,3,7165,7165,65
2026-07-25,fourth,3,0319,0319,19
2026-07-25,fourth,3,1851,1851,51
2026-07-25,fourth,3,4588,4588,88
2026-07-25,fourth,3,0178,0178,78
2026-07-25,fourth,4,7010,7010,10
2026-07-25,fourth,4,1545,1545,45
2026-07-25,fourth,4,8723,8723,23
2026-07-25,fourth,4,9284,9284,84
2026-07-25,fourth,4,7753,7753,53
2026-07-25,fourth,4,7189,7189,89
2026-07-25,fourth,4,0605,0605,05
2026-07-25,second,1,86786,86786,86
2026-07-25,second,1,66080,66080,80
2026-07-25,second,1,53760,53760,60
2026-07-25,second,1,55383,55383,83
2026-07-25,second,1,41170,41170,70
2026-07-25,second,1,32789,32789,89
2026-07-25,second,1,51595,51595,95
2026-07-25,second,2,24867,24867,67
2026-07-25,second,2,86525,86525,25
2026-07-25,second,2,72252,72252,52
2026-07-25,second,2,66606,66606,06
2026-07-25,second,2,38206,38206,06
2026-07-25,second,2,07339,07339,39
2026-07-25,second,2,48463,48463,63
2026-07-25,seventh,1,35,35,35
2026-07-25,seventh,1,24,24,24
2026-07-25,seventh,1,63,63,63
2026-07-25,seventh,1,12,12,12
2026-07-25,seventh,1,97,97,97
2026-07-25,seventh,1,01,01,01
2026-07-25,seventh,1,81,81,81
2026-07-25,seventh,2,66,66,66
2026-07-25,seventh,2,68,68,68
2026-07-25,seventh,2,75,75,75
2026-07-25,seventh,2,54,54,54
2026-07-25,seventh,2,94,94,94
2026-07-25,seventh,2,44,44,44
2026-07-25,seventh,2,26,26,26
2026-07-25,seventh,3,69,69,69
2026-07-25,seventh,3,85,85,85
2026-07-25,seventh,3,67,67,67
2026-07-25,seventh,3,05,05,05
2026-07-25,seventh,3,83,83,83
2026-07-25,seventh,3,89,89,89
2026-07-25,seventh,3,57,57,57
2026-07-25,seventh,4,02,02,02
2026-07-25,seventh,4,50,50,50
2026-07-25,seventh,4,99,99,99
2026-07-25,seventh,4,91,91,91
2026-07-25,seventh,4,09,09,09
2026-07-25,seventh,4,63,63,63
2026-07-25,seventh,4,87,87,87
2026-07-25,sixth,1,237,237,37
2026-07-25,sixth,1,074,074,74
2026-07-25,sixth,1,508,508,08
2026-07-25,sixth,1,968,968,68
2026-07-25,sixth,1,353,353,53
2026-07-25,sixth,1,170,170,70
2026-07-25,sixth,1,009,009,09
2026-07-25,sixth,2,505,505,05
2026-07-25,sixth,2,976,976,76
2026-07-25,sixth,2,217,217,17
2026-07-25,sixth,2,361,361,61
2026-07-25,sixth,2,588,588,88
2026-07-25,sixth,2,436,436,36
2026-07-25,sixth,2,881,881,81
2026-07-25,sixth,3,575,575,75
2026-07-25,sixth,3,278,278,78
2026-07-25,sixth,3,466,466,66
2026-07-25,sixth,3,930,930,30
2026-07-25,sixth,3,274,274,74
2026-07-25,sixth,3,972,972,72
2026-07-25,sixth,3,811,811,11
2026-07-25,special,1,89228,89228,28
2026-07-25,special,1,94738,94738,38
2026-07-25,special,1,78754,78754,54
2026-07-25,special,1,92154,92154,54
2026-07-25,special,1,73070,73070,70
2026-07-25,special,1,39128,39128,28
2026-07-25,special,1,46438,46438,38
2026-07-25,third,1,77184,77184,84
2026-07-25,third,1,88137,88137,37
2026-07-25,third,1,31582,31582,82
2026-07-25,third,1,41613,41613,13
2026-07-25,third,1,70744,70744,44
2026-07-25,third,1,08556,08556,56
2026-07-25,third,1,30263,30263,63
2026-07-25,third,2,57894,57894,94
2026-07-25,third,2,24070,24070,70
2026-07-25,third,2,92606,92606,06
2026-07-25,third,2,05945,05945,45
2026-07-25,third,2,69251,69251,51
2026-07-25,third,2,22983,22983,83
2026-07-25,third,2,21438,21438,38
2026-07-25,third,3,96769,96769,69
2026-07-25,third,3,45357,45357,57
2026-07-25,third,3,47748,47748,48
2026-07-25,third,3,44849,44849,49
2026-07-25,third,3,12117,12117,17
2026-07-25,third,3,80160,80160,60
2026-07-25,third,3,36082,36082,82
2026-07-25,third,4,77585,77585,85
2026-07-25,third,4,96965,96965,65
2026-07-25,third,4,35182,35182,82
2026-07-25,third,4,03911,03911,11
2026-07-25,third,4,02562,02562,62
2026-07-25,third,4,37394,37394,94
2026-07-25,third,4,71442,71442,42
2026-07-25,third,5,07692,07692,92
2026-07-25,third,5,79008,79008,08
2026-07-25,third,5,93739,93739,39
2026-07-25,third,5,53013,53013,13
2026-07-25,third,5,94406,94406,06
2026-07-25,third,5,88718,88718,18
2026-07-25,third,5,83141,83141,41
2026-07-25,third,6,18278,18278,78
2026-07-25,third,6,81453,81453,53
2026-07-25,third,6,05434,05434,34
2026-07-25,third,6,38592,38592,92
2026-07-25,third,6,15772,15772,72
2026-07-25,third,6,60939,60939,39
2026-07-25,third,6,61558,61558,58
2026-07-26,fifth,1,6546,6546,46
2026-07-26,fifth,1,3871,3871,71
2026-07-26,fifth,1,4662,4662,62
2026-07-26,fifth,1,0390,0390,90
2026-07-26,fifth,1,1986,1986,86
2026-07-26,fifth,1,2163,2163,63
2026-07-26,fifth,1,9574,9574,74
2026-07-26,fifth,2,1509,1509,09
2026-07-26,fifth,2,1098,1098,98
2026-07-26,fifth,2,3343,3343,43
2026-07-26,fifth,2,1481,1481,81
2026-07-26,fifth,2,0610,0610,10
2026-07-26,fifth,2,0098,0098,98
2026-07-26,fifth,2,8427,8427,27
2026-07-26,fifth,3,6938,6938,38
2026-07-26,fifth,3,5229,5229,29
2026-07-26,fifth,3,9982,9982,82
2026-07-26,fifth,3,3661,3661,61
2026-07-26,fifth,3,1926,1926,26
2026-07-26,fifth,3,6826,6826,26
2026-07-26,fifth,3,7683,7683,83
2026-07-26,fifth,4,1105,1105,05
2026-07-26,fifth,4,6719,6719,19
2026-07-26,fifth,4,0464,0464,64
2026-07-26,fifth,4,1795,1795,95
2026-07-26,fifth,4,0752,0752,52
2026-07-26,fifth,4,1889,1889,89
2026-07-26,fifth,4,7174,7174,74
2026-07-26,fifth,5,2610,2610,10
2026-07-26,fifth,5,9881,9881,81
2026-07-26,fifth,5,0713,0713,13
2026-07-26,fifth,5,9254,9254,54
2026-07-26,fifth,5,2542,2542,42
2026-07-26,fifth,5,5084,5084,84
2026-07-26,fifth,5,3867,3867,67
2026-07-26,fifth,6,3449,3449,49
2026-07-26,fifth,6,3605,3605,05
2026-07-26,fifth,6,0765,0765,65
2026-07-26,fifth,6,5867,5867,67
2026-07-26,fifth,6,3481,3481,81
2026-07-26,fifth,6,6688,6688,88
2026-07-26,fifth,6,0477,0477,77
2026-07-26,first,1,89162,89162,62
2026-07-26,first,1,13978,13978,78
2026-07-26,first,1,64617,64617,17
2026-07-26,first,1,62917,62917,17
2026-07-26,first,1,31749,31749,49
2026-07-26,first,1,53507,53507,07
2026-07-26,first,1,66850,66850,50
2026-07-26,fourth,1,6046,6046,46
2026-07-26,fourth,1,9561,9561,61
2026-07-26,fourth,1,4495,4495,95
2026-07-26,fourth,1,5335,5335,35
2026-07-26,fourth,1,8030,8030,30
2026-07-26,fourth,1,4447,4447,47
2026-07-26,fourth,1,3337,3337,37
2026-07-26,fourth,2,2619,2619,19
2026-07-26,fourth,2,2529,2529,29
2026-07-26,fourth,2,3440,3440,40
2026-07-26,fourth,2,5793,5793,93
2026-07-26,fourth,2,1582,1582,82
2026-07-26,fourth,2,8375,8375,75
2026-07-26,fourth,2,6114,6114,14
2026-07-26,fourth,3,0705,0705,05
2026-07-26,fourth,3,2296,2296,96
2026-07-26,fourth,3,1324,1324,24
2026-07-26,fourth,3,7165,7165,65
2026-07-26,fourth,3,0319,0319,19
2026-07-26,fourth,3,1851,1851,51
2026-07-26,fourth,3,4588,4588,88
2026-07-26,fourth,4,4198,4198,98
2026-07-26,fourth,4,7010,7010,10
2026-07-26,fourth,4,1545,1545,45
2026-07-26,fourth,4,8723,8723,23
2026-07-26,fourth,4,9284,9284,84
2026-07-26,fourth,4,7753,7753,53
2026-07-26,fourth,4,7189,7189,89
2026-07-26,second,1,78045,78045,45
2026-07-26,second,1,86786,86786,86
2026-07-26,second,1,66080,66080,80
2026-07-26,second,1,53760,53760,60
2026-07-26,second,1,55383,55383,83
2026-07-26,second,1,41170,41170,70
2026-07-26,second,1,32789,32789,89
2026-07-26,second,2,30605,30605,05
2026-07-26,second,2,24867,24867,67
2026-07-26,second,2,86525,86525,25
2026-07-26,second,2,72252,72252,52
2026-07-26,second,2,66606,66606,06
2026-07-26,second,2,38206,38206,06
2026-07-26,second,2,07339,07339,39
2026-07-26,seventh,1,32,32,32
2026-07-26,seventh,1,35,35,35
2026-07-26,seventh,1,24,24,24
2026-07-26,seventh,1,63,63,63
2026-07-26,seventh,1,12,12,12
2026-07-26,seventh,1,97,97,97
2026-07-26,seventh,1,01,01,01
2026-07-26,seventh,2,37,37,37
2026-07-26,seventh,2,66,66,66
2026-07-26,seventh,2,68,68,68
2026-07-26,seventh,2,75,75,75
2026-07-26,seventh,2,54,54,54
2026-07-26,seventh,2,94,94,94
2026-07-26,seventh,2,44,44,44
2026-07-26,seventh,3,25,25,25
2026-07-26,seventh,3,69,69,69
2026-07-26,seventh,3,85,85,85
2026-07-26,seventh,3,67,67,67
2026-07-26,seventh,3,05,05,05
2026-07-26,seventh,3,83,83,83
2026-07-26,seventh,3,89,89,89
2026-07-26,seventh,4,60,60,60
2026-07-26,seventh,4,02,02,02
2026-07-26,seventh,4,50,50,50
2026-07-26,seventh,4,99,99,99
2026-07-26,seventh,4,91,91,91
2026-07-26,seventh,4,09,09,09
2026-07-26,seventh,4,63,63,63
2026-07-26,sixth,1,075,075,75
2026-07-26,sixth,1,237,237,37
2026-07-26,sixth,1,074,074,74
2026-07-26,sixth,1,508,508,08
2026-07-26,sixth,1,968,968,68
2026-07-26,sixth,1,353,353,53
2026-07-26,sixth,1,170,170,70
2026-07-26,sixth,2,409,409,09
2026-07-26,sixth,2,505,505,05
2026-07-26,sixth,2,976,976,76
2026-07-26,sixth,2,217,217,17
2026-07-26,sixth,2,361,361,61
2026-07-26,sixth,2,588,588,88
2026-07-26,sixth,2,436,436,36
2026-07-26,sixth,3,698,698,98
2026-07-26,sixth,3,575,575,75
2026-07-26,sixth,3,278,278,78
2026-07-26,sixth,3,466,466,66
2026-07-26,sixth,3,930,930,30
2026-07-26,sixth,3,274,274,74
2026-07-26,sixth,3,972,972,72
2026-07-26,special,1,42916,42916,16
2026-07-26,special,1,89228,89228,28
2026-07-26,special,1,94738,94738,38
2026-07-26,special,1,78754,78754,54
2026-07-26,special,1,92154,92154,54
2026-07-26,special,1,73070,73070,70
2026-07-26,special,1,39128,39128,28
2026-07-26,third,1,76062,76062,62
2026-07-26,third,1,77184,77184,84
2026-07-26,third,1,88137,88137,37
2026-07-26,third,1,31582,31582,82
2026-07-26,third,1,41613,41613,13
2026-07-26,third,1,70744,70744,44
2026-07-26,third,1,08556,08556,56
2026-07-26,third,2,75348,75348,48
2026-07-26,third,2,57894,57894,94
2026-07-26,third,2,24070,24070,70
2026-07-26,third,2,92606,92606,06
2026-07-26,third,2,05945,05945,45
2026-07-26,third,2,69251,69251,51
2026-07-26,third,2,22983,22983,83
2026-07-26,third,3,73197,73197,97
2026-07-26,third,3,96769,96769,69
2026-07-26,third,3,45357,45357,57
2026-07-26,third,3,47748,47748,48
2026-07-26,third,3,44849,44849,49
2026-07-26,third,3,12117,12117,17
2026-07-26,third,3,80160,80160,60
2026-07-26,third,4,83441,83441,41
2026-07-26,third,4,77585,77585,85
2026-07-26,third,4,96965,96965,65
2026-07-26,third,4,35182,35182,82
2026-07-26,third,4,03911,03911,11
2026-07-26,third,4,02562,02562,62
2026-07-26,third,4,37394,37394,94
2026-07-26,third,5,93250,93250,50
2026-07-26,third,5,07692,07692,92
2026-07-26,third,5,79008,79008,08
2026-07-26,third,5,93739,93739,39
2026-07-26,third,5,53013,53013,13
2026-07-26,third,5,94406,94406,06
2026-07-26,third,5,88718,88718,18
2026-07-26,third,6,22158,22158,58
2026-07-26,third,6,18278,18278,78
2026-07-26,third,6,81453,81453,53
2026-07-26,third,6,05434,05434,34
2026-07-26,third,6,38592,38592,92
2026-07-26,third,6,15772,15772,72
2026-07-26,third,6,60939,60939,39
2026-07-27,fifth,1,4852,4852,52
2026-07-27,fifth,1,6546,6546,46
2026-07-27,fifth,1,3871,3871,71
2026-07-27,fifth,1,4662,4662,62
2026-07-27,fifth,1,0390,0390,90
2026-07-27,fifth,1,1986,1986,86
2026-07-27,fifth,1,2163,2163,63
2026-07-27,fifth,2,8164,8164,64
2026-07-27,fifth,2,1509,1509,09
2026-07-27,fifth,2,1098,1098,98
2026-07-27,fifth,2,3343,3343,43
2026-07-27,fifth,2,1481,1481,81
2026-07-27,fifth,2,0610,0610,10
2026-07-27,fifth,2,0098,0098,98
2026-07-27,fifth,3,7651,7651,51
2026-07-27,fifth,3,6938,6938,38
2026-07-27,fifth,3,5229,5229,29
2026-07-27,fifth,3,9982,9982,82
2026-07-27,fifth,3,3661,3661,61
2026-07-27,fifth,3,1926,1926,26
2026-07-27,fifth,3,6826,6826,26
2026-07-27,fifth,4,8392,8392,92
2026-07-27,fifth,4,1105,1105,05
2026-07-27,fifth,4,6719,6719,19
2026-07-27,fifth,4,0464,0464,64
2026-07-27,fifth,4,1795,1795,95
2026-07-27,fifth,4,0752,0752,52
2026-07-27,fifth,4,1889,1889,89
2026-07-27,fifth,5,2961,2961,61
2026-07-27,fifth,5,2610,2610,10
2026-07-27,fifth,5,9881,9881,81
2026-07-27,fifth,5,0713,0713,13
2026-07-27,fifth,5,9254,9254,54
2026-07-27,fifth,5,2542,2542,42
2026-07-27,fifth,5,5084,5084,84
2026-07-27,fifth,6,5133,5133,33
2026-07-27,fifth,6,3449,3449,49
2026-07-27,fifth,6,3605,3605,05
2026-07-27,fifth,6,0765,0765,65
2026-07-27,fifth,6,5867,5867,67
2026-07-27,fifth,6,3481,3481,81
2026-07-27,fifth,6,6688,6688,88
2026-07-27,first,1,90290,90290,90
2026-07-27,first,1,89162,89162,62
2026-07-27,first,1,13978,13978,78
2026-07-27,first,1,64617,64617,17
2026-07-27,first,1,62917,62917,17
2026-07-27,first,1,31749,31749,49
2026-07-27,first,1,53507,53507,07
2026-07-27,fourth,1,0042,0042,42
2026-07-27,fourth,1,6046,6046,46
2026-07-27,fourth,1,9561,9561,61
2026-07-27,fourth,1,4495,4495,95
2026-07-27,fourth,1,5335,5335,35
2026-07-27,fourth,1,8030,8030,30
2026-07-27,fourth,1,4447,4447,47
2026-07-27,fourth,2,3127,3127,27
2026-07-27,fourth,2,2619,2619,19
2026-07-27,fourth,2,2529,2529,29
2026-07-27,fourth,2,3440,3440,40
2026-07-27,fourth,2,5793,5793,93
2026-07-27,fourth,2,1582,1582,82
2026-07-27,fourth,2,8375,8375,75
2026-07-27,fourth,3,8547,8547,47
2026-07-27,fourth,3,0705,0705,05
2026-07-27,fourth,3,2296,2296,96
2026-07-27,fourth,3,1324,1324,24
2026-07-27,fourth,3,7165,7165,65
2026-07-27,fourth,3,0319,0319,19
2026-07-27,fourth,3,1851,1851,51
2026-07-27,fourth,4,0130,0130,30
2026-07-27,fourth,4,4198,4198,98
2026-07-27,fourth,4,7010,7010,10
2026-07-27,fourth,4,1545,1545,45
2026-07-27,fourth,4,8723,8723,23
2026-07-27,fourth,4,9284,9284,84
2026-07-27,fourth,4,7753,7753,53
2026-07-27,second,1,28866,28866,66
2026-07-27,second,1,78045,78045,45
2026-07-27,second,1,86786,86786,86
2026-07-27,second,1,66080,66080,80
2026-07-27,second,1,53760,53760,60
2026-07-27,second,1,55383,55383,83
2026-07-27,second,1,41170,41170,70
2026-07-27,second,2,84542,84542,42
2026-07-27,second,2,30605,30605,05
2026-07-27,second,2,24867,24867,67
2026-07-27,second,2,86525,86525,25
2026-07-27,second,2,72252,72252,52
2026-07-27,second,2,66606,66606,06
2026-07-27,second,2,38206,38206,06
2026-07-27,seventh,1,87,87,87
2026-07-27,seventh,1,32,32,32
2026-07-27,seventh,1,35,35,35
2026-07-27,seventh,1,24,24,24
2026-07-27,seventh,1,63,63,63
2026-07-27,seventh,1,12,12,12
2026-07-27,seventh,1,97,97,97
2026-07-27,seventh,2,29,29,29
2026-07-27,seventh,2,37,37,37
2026-07-27,seventh,2,66,66,66
2026-07-27,seventh,2,68,68,68
2026-07-27,seventh,2,75,75,75
2026-07-27,seventh,2,54,54,54
2026-07-27,seventh,2,94,94,94
2026-07-27,seventh,3,55,55,55
2026-07-27,seventh,3,25,25,25
2026-07-27,seventh,3,69,69,69
2026-07-27,seventh,3,85,85,85
2026-07-27,seventh,3,67,67,67
2026-07-27,seventh,3,05,05,05
2026-07-27,seventh,3,83,83,83
2026-07-27,seventh,4,52,52,52
2026-07-27,seventh,4,60,60,60
2026-07-27,seventh,4,02,02,02
2026-07-27,seventh,4,50,50,50
2026-07-27,seventh,4,99,99,99
2026-07-27,seventh,4,91,91,91
2026-07-27,seventh,4,09,09,09
2026-07-27,sixth,1,874,874,74
2026-07-27,sixth,1,075,075,75
2026-07-27,sixth,1,237,237,37
2026-07-27,sixth,1,074,074,74
2026-07-27,sixth,1,508,508,08
2026-07-27,sixth,1,968,968,68
2026-07-27,sixth,1,353,353,53
2026-07-27,sixth,2,639,639,39
2026-07-27,sixth,2,409,409,09
2026-07-27,sixth,2,505,505,05
2026-07-27,sixth,2,976,976,76
2026-07-27,sixth,2,217,217,17
2026-07-27,sixth,2,361,361,61
2026-07-27,sixth,2,588,588,88
2026-07-27,sixth,3,502,502,02
2026-07-27,sixth,3,698,698,98
2026-07-27,sixth,3,575,575,75
2026-07-27,sixth,3,278,278,78
2026-07-27,sixth,3,466,466,66
2026-07-27,sixth,3,930,930,30
2026-07-27,sixth,3,274,274,74
2026-07-27,special,1,54796,54796,96
2026-07-27,special,1,42916,42916,16
2026-07-27,special,1,89228,89228,28
2026-07-27,special,1,94738,94738,38
2026-07-27,special,1,78754,78754,54
2026-07-27,special,1,92154,92154,54
2026-07-27,special,1,73070,73070,70
2026-07-27,third,1,06770,06770,70
2026-07-27,third,1,76062,76062,62
2026-07-27,third,1,77184,77184,84
2026-07-27,third,1,88137,88137,37
2026-07-27,third,1,31582,31582,82
2026-07-27,third,1,41613,41613,13
2026-07-27,third,1,70744,70744,44
2026-07-27,third,2,93665,93665,65
2026-07-27,third,2,75348,75348,48
2026-07-27,third,2,57894,57894,94
2026-07-27,third,2,24070,24070,70
2026-07-27,third,2,92606,92606,06
2026-07-27,third,2,05945,05945,45
2026-07-27,third,2,69251,69251,51
2026-07-27,third,3,56666,56666,66
2026-07-27,third,3,73197,73197,97
2026-07-27,third,3,96769,96769,69
2026-07-27,third,3,45357,45357,57
2026-07-27,third,3,47748,47748,48
2026-07-27,third,3,44849,44849,49
2026-07-27,third,3,12117,12117,17
2026-07-27,third,4,78753,78753,53
2026-07-27,third,4,83441,83441,41
2026-07-27,third,4,77585,77585,85
2026-07-27,third,4,96965,96965,65
2026-07-27,third,4,35182,35182,82
2026-07-27,third,4,03911,03911,11
2026-07-27,third,4,02562,02562,62
2026-07-27,third,5,55641,55641,41
2026-07-27,third,5,93250,93250,50
2026-07-27,third,5,07692,07692,92
2026-07-27,third,5,79008,79008,08
2026-07-27,third,5,93739,93739,39
2026-07-27,third,5,53013,53013,13
2026-07-27,third,5,94406,94406,06
2026-07-27,third,6,04646,04646,46
2026-07-27,third,6,22158,22158,58
2026-07-27,third,6,18278,18278,78
2026-07-27,third,6,81453,81453,53
2026-07-27,third,6,05434,05434,34
2026-07-27,third,6,38592,38592,92
2026-07-27,third,6,15772,15772,72
2026-07-28,fifth,1,6520,6520,20
2026-07-28,fifth,1,4852,4852,52
2026-07-28,fifth,1,6546,6546,46
2026-07-28,fifth,1,3871,3871,71
2026-07-28,fifth,1,4662,4662,62
2026-07-28,fifth,1,0390,0390,90
2026-07-28,fifth,1,1986,1986,86
2026-07-28,fifth,2,1724,1724,24
2026-07-28,fifth,2,8164,8164,64
2026-07-28,fifth,2,1509,1509,09
2026-07-28,fifth,2,1098,1098,98
2026-07-28,fifth,2,3343,3343,43
2026-07-28,fifth,2,1481,1481,81
2026-07-28,fifth,2,0610,0610,10
2026-07-28,fifth,3,2965,2965,65
2026-07-28,fifth,3,7651,7651,51
2026-07-28,fifth,3,6938,6938,38
2026-07-28,fifth,3,5229,5229,29
2026-07-28,fifth,3,9982,9982,82
2026-07-28,fifth,3,3661,3661,61
2026-07-28,fifth,3,1926,1926,26
2026-07-28,fifth,4,7102,7102,02
2026-07-28,fifth,4,8392,8392,92
2026-07-28,fifth,4,1105,1105,05
2026-07-28,fifth,4,6719,6719,19
2026-07-28,fifth,4,0464,0464,64
2026-07-28,fifth,4,1795,1795,95
2026-07-28,fifth,4,0752,0752,52
2026-07-28,fifth,5,8361,8361,61
2026-07-28,fifth,5,2961,2961,61
2026-07-28,fifth,5,2610,2610,10
2026-07-28,fifth,5,9881,9881,81
2026-07-28,fifth,5,0713,0713,13
2026-07-28,fifth,5,9254,9254,54
2026-07-28,fifth,5,2542,2542,42
2026-07-28,fifth,6,5090,5090,90
2026-07-28,fifth,6,5133,5133,33
2026-07-28,fifth,6,3449,3449,49
2026-07-28,fifth,6,3605,3605,05
2026-07-28,fifth,6,0765,0765,65
2026-07-28,fifth,6,5867,5867,67
2026-07-28,fifth,6,3481,3481,81
2026-07-28,first,1,52177,52177,77
2026-07-28,first,1,90290,90290,90
2026-07-28,first,1,89162,89162,62
2026-07-28,first,1,13978,13978,78
2026-07-28,first,1,64617,64617,17
2026-07-28,first,1,62917,62917,17
2026-07-28,first,1,31749,31749,49
2026-07-28,fourth,1,3003,3003,03
2026-07-28,fourth,1,0042,0042,42
2026-07-28,fourth,1,6046,6046,46
2026-07-28,fourth,1,9561,9561,61
2026-07-28,fourth,1,4495,4495,95
2026-07-28,fourth,1,5335,5335,35
2026-07-28,fourth,1,8030,8030,30
2026-07-28,fourth,2,2504,2504,04
2026-07-28,fourth,2,3127,3127,27
2026-07-28,fourth,2,2619,2619,19
2026-07-28,fourth,2,2529,2529,29
2026-07-28,fourth,2,3440,3440,40
2026-07-28,fourth,2,5793,5793,93
2026-07-28,fourth,2,1582,1582,82
2026-07-28,fourth,3,4474,4474,74
2026-07-28,fourth,3,8547,8547,47
2026-07-28,fourth,3,0705,0705,05
2026-07-28,fourth,3,2296,2296,96
2026-07-28,fourth,3,1324,1324,24
2026-07-28,fourth,3,7165,7165,65
2026-07-28,fourth,3,0319,0319,19
2026-07-28,fourth,4,7715,7715,15
2026-07-28,fourth,4,0130,0130,30
2026-07-28,fourth,4,4198,4198,98
2026-07-28,fourth,4,7010,7010,10
2026-07-28,fourth,4,1545,1545,45
2026-07-28,fourth,4,8723,8723,23
2026-07-28,fourth,4,9284,9284,84
2026-07-28,second,1,37740,37740,40
2026-07-28,second,1,28866,28866,66
2026-07-28,second,1,78045,78045,45
2026-07-28,second,1,86786,86786,86
2026-07-28,second,1,66080,66080,80
2026-07-28,second,1,53760,53760,60
2026-07-28,second,1,55383,55383,83
2026-07-28,second,2,76132,76132,32
2026-07-28,second,2,84542,84542,42
2026-07-28,second,2,30605,30605,05
2026-07-28,second,2,24867,24867,67
2026-07-28,second,2,86525,86525,25
2026-07-28,second,2,72252,72252,52
2026-07-28,second,2,66606,66606,06
2026-07-28,seventh,1,08,08,08
2026-07-28,seventh,1,87,87,87
2026-07-28,seventh,1,32,32,32
2026-07-28,seventh,1,35,35,35
2026-07-28,seventh,1,24,24,24
2026-07-28,seventh,1,63,63,63
2026-07-28,seventh,1,12,12,12
2026-07-28,seventh,2,63,63,63
2026-07-28,seventh,2,29,29,29
2026-07-28,seventh,2,37,37,37
2026-07-28,seventh,2,66,66,66
2026-07-28,seventh,2,68,68,68
2026-07-28,seventh,2,75,75,75
2026-07-28,seventh,2,54,54,54
2026-07-28,seventh,3,56,56,56
2026-07-28,seventh,3,55,55,55
2026-07-28,seventh,3,25,25,25
2026-07-28,seventh,3,69,69,69
2026-07-28,seventh,3,85,85,85
2026-07-28,seventh,3,67,67,67
2026-07-28,seventh,3,05,05,05
2026-07-28,seventh,4,46,46,46
2026-07-28,seventh,4,52,52,52
2026-07-28,seventh,4,60,60,60
2026-07-28,seventh,4,02,02,02
2026-07-28,seventh,4,50,50,50
2026-07-28,seventh,4,99,99,99
2026-07-28,seventh,4,91,91,91
2026-07-28,sixth,1,412,412,12
2026-07-28,sixth,1,874,874,74
2026-07-28,sixth,1,075,075,75
2026-07-28,sixth,1,237,237,37
2026-07-28,sixth,1,074,074,74
2026-07-28,sixth,1,508,508,08
2026-07-28,sixth,1,968,968,68
2026-07-28,sixth,2,496,496,96
2026-07-28,sixth,2,639,639,39
2026-07-28,sixth,2,409,409,09
2026-07-28,sixth,2,505,505,05
2026-07-28,sixth,2,976,976,76
2026-07-28,sixth,2,217,217,17
2026-07-28,sixth,2,361,361,61
2026-07-28,sixth,3,321,321,21
2026-07-28,sixth,3,502,502,02
2026-07-28,sixth,3,698,698,98
2026-07-28,sixth,3,575,575,75
2026-07-28,sixth,3,278,278,78
2026-07-28,sixth,3,466,466,66
2026-07-28,sixth,3,930,930,30
2026-07-28,special,1,65000,65000,00
2026-07-28,special,1,54796,54796,96
2026-07-28,special,1,42916,42916,16
2026-07-28,special,1,89228,89228,28
2026-07-28,special,1,94738,94738,38
2026-07-28,special,1,78754,78754,54
2026-07-28,special,1,92154,92154,54
2026-07-28,third,1,35493,35493,93
2026-07-28,third,1,06770,06770,70
2026-07-28,third,1,76062,76062,62
2026-07-28,third,1,77184,77184,84
2026-07-28,third,1,88137,88137,37
2026-07-28,third,1,31582,31582,82
2026-07-28,third,1,41613,41613,13
2026-07-28,third,2,49836,49836,36
2026-07-28,third,2,93665,93665,65
2026-07-28,third,2,75348,75348,48
2026-07-28,third,2,57894,57894,94
2026-07-28,third,2,24070,24070,70
2026-07-28,third,2,92606,92606,06
2026-07-28,third,2,05945,05945,45
2026-07-28,third,3,74840,74840,40
2026-07-28,third,3,56666,56666,66
2026-07-28,third,3,73197,73197,97
2026-07-28,third,3,96769,96769,69
2026-07-28,third,3,45357,45357,57
2026-07-28,third,3,47748,47748,48
2026-07-28,third,3,44849,44849,49
2026-07-28,third,4,88897,88897,97
2026-07-28,third,4,78753,78753,53
2026-07-28,third,4,83441,83441,41
2026-07-28,third,4,77585,77585,85
2026-07-28,third,4,96965,96965,65
2026-07-28,third,4,35182,35182,82
2026-07-28,third,4,03911,03911,11
2026-07-28,third,5,65767,65767,67
2026-07-28,third,5,55641,55641,41
2026-07-28,third,5,93250,93250,50
2026-07-28,third,5,07692,07692,92
2026-07-28,third,5,79008,79008,08
2026-07-28,third,5,93739,93739,39
2026-07-28,third,5,53013,53013,13
2026-07-28,third,6,91690,91690,90
2026-07-28,third,6,04646,04646,46
2026-07-28,third,6,22158,22158,58
2026-07-28,third,6,18278,18278,78
2026-07-28,third,6,81453,81453,53
2026-07-28,third,6,05434,05434,34
2026-07-28,third,6,38592,38592,92
2026-07-29,fifth,1,1635,1635,35
2026-07-29,fifth,1,6520,6520,20
2026-07-29,fifth,1,4852,4852,52
2026-07-29,fifth,1,6546,6546,46
2026-07-29,fifth,1,3871,3871,71
2026-07-29,fifth,1,4662,4662,62
2026-07-29,fifth,1,0390,0390,90
2026-07-29,fifth,2,7627,7627,27
2026-07-29,fifth,2,1724,1724,24
2026-07-29,fifth,2,8164,8164,64
2026-07-29,fifth,2,1509,1509,09
2026-07-29,fifth,2,1098,1098,98
2026-07-29,fifth,2,3343,3343,43
2026-07-29,fifth,2,1481,1481,81
2026-07-29,fifth,3,9403,9403,03
2026-07-29,fifth,3,2965,2965,65
2026-07-29,fifth,3,7651,7651,51
2026-07-29,fifth,3,6938,6938,38
2026-07-29,fifth,3,5229,5229,29
2026-07-29,fifth,3,9982,9982,82
2026-07-29,fifth,3,3661,3661,61
2026-07-29,fifth,4,6620,6620,20
2026-07-29,fifth,4,7102,7102,02
2026-07-29,fifth,4,8392,8392,92
2026-07-29,fifth,4,1105,1105,05
2026-07-29,fifth,4,6719,6719,19
2026-07-29,fifth,4,0464,0464,64
2026-07-29,fifth,4,1795,1795,95
2026-07-29,fifth,5,6205,6205,05
2026-07-29,fifth,5,8361,8361,61
2026-07-29,fifth,5,2961,2961,61
2026-07-29,fifth,5,2610,2610,10
2026-07-29,fifth,5,9881,9881,81
2026-07-29,fifth,5,0713,0713,13
2026-07-29,fifth,5,9254,9254,54
2026-07-29,fifth,6,4379,4379,79
2026-07-29,fifth,6,5090,5090,90
2026-07-29,fifth,6,5133,5133,33
2026-07-29,fifth,6,3449,3449,49
2026-07-29,fifth,6,3605,3605,05
2026-07-29,fifth,6,0765,0765,65
2026-07-29,fifth,6,5867,5867,67
2026-07-29,first,1,25868,25868,68
2026-07-29,first,1,52177,52177,77
2026-07-29,first,1,90290,90290,90
2026-07-29,first,1,89162,89162,62
2026-07-29,first,1,13978,13978,78
2026-07-29,first,1,64617,64617,17
2026-07-29,first,1,62917,62917,17
2026-07-29,fourth,1,2810,2810,10
2026-07-29,fourth,1,3003,3003,03
2026-07-29,fourth,1,0042,0042,42
2026-07-29,fourth,1,6046,6046,46
2026-07-29,fourth,1,9561,9561,61
2026-07-29,fourth,1,4495,4495,95
2026-07-29,fourth,1,5335,5335,35
2026-07-29,fourth,2,1603,1603,03
2026-07-29,fourth,2,2504,2504,04
2026-07-29,fourth,2,3127,3127,27
2026-07-29,fourth,2,2619,2619,19
2026-07-29,fourth,2,2529,2529,29
2026-07-29,fourth,2,3440,3440,40
2026-07-29,fourth,2,5793,5793,93
2026-07-29,fourth,3,8369,8369,69
2026-07-29,fourth,3,4474,4474,74
2026-07-29,fourth,3,8547,8547,47
2026-07-29,fourth,3,0705,0705,05
2026-07-29,fourth,3,2296,2296,96
2026-07-29,fourth,3,1324,1324,24
2026-07-29,fourth,3,7165,7165,65
2026-07-29,fourth,4,5812,5812,12
2026-07-29,fourth,4,7715,7715,15
2026-07-29,fourth,4,0130,0130,30
2026-07-29,fourth,4,4198,4198,98
2026-07-29,fourth,4,7010,7010,10
2026-07-29,fourth,4,1545,1545,45
2026-07-29,fourth,4,8723,8723,23
2026-07-29,second,1,96568,96568,68
2026-07-29,second,1,37740,37740,40
2026-07-29,second,1,28866,28866,66
2026-07-29,second,1,78045,78045,45
2026-07-29,second,1,86786,86786,86
2026-07-29,second,1,66080,66080,80
2026-07-29,second,1,53760,53760,60
2026-07-29,second,2,26202,26202,02
2026-07-29,second,2,76132,76132,32
2026-07-29,second,2,84542,84542,42
2026-07-29,second,2,30605,30605,05
2026-07-29,second,2,24867,24867,67
2026-07-29,second,2,86525,86525,25
2026-07-29,second,2,72252,72252,52
2026-07-29,seventh,1,75,75,75
2026-07-29,seventh,1,08,08,08
2026-07-29,seventh,1,87,87,87
2026-07-29,seventh,1,32,32,32
2026-07-29,seventh,1,35,35,35
2026-07-29,seventh,1,24,24,24
2026-07-29,seventh,1,63,63,63
2026-07-29,seventh,2,43,43,43
2026-07-29,seventh,2,63,63,63
2026-07-29,seventh,2,29,29,29
2026-07-29,seventh,2,37,37,37
2026-07-29,seventh,2,66,66,66
2026-07-29,seventh,2,68,68,68
2026-07-29,seventh,2,75,75,75
2026-07-29,seventh,3,48,48,48
2026-07-29,seventh,3,56,56,56
2026-07-29,seventh,3,55,55,55
2026-07-29,seventh,3,25,25,25
2026-07-29,seventh,3,69,69,69
2026-07-29,seventh,3,85,85,85
2026-07-29,seventh,3,67,67,67
2026-07-29,seventh,4,81,81,81
2026-07-29,seventh,4,46,46,46
2026-07-29,seventh,4,52,52,52
2026-07-29,seventh,4,60,60,60
2026-07-29,seventh,4,02,02,02
2026-07-29,seventh,4,50,50,50
2026-07-29,seventh,4,99,99,99
2026-07-29,sixth,1,286,286,86
2026-07-29,sixth,1,412,412,12
2026-07-29,sixth,1,874,874,74
2026-07-29,sixth,1,075,075,75
2026-07-29,sixth,1,237,237,37
2026-07-29,sixth,1,074,074,74
2026-07-29,sixth,1,508,508,08
2026-07-29,sixth,2,858,858,58
2026-07-29,sixth,2,496,496,96
2026-07-29,sixth,2,639,639,39
2026-07-29,sixth,2,409,409,09
2026-07-29,sixth,2,505,505,05
2026-07-29,sixth,2,976,976,76
2026-07-29,sixth,2,217,217,17
2026-07-29,sixth,3,734,734,34
2026-07-29,sixth,3,321,321,21
2026-07-29,sixth,3,502,502,02
2026-07-29,sixth,3,698,698,98
2026-07-29,sixth,3,575,575,75
2026-07-29,sixth,3,278,278,78
2026-07-29,sixth,3,466,466,66
2026-07-29,special,1,39983,39983,83
2026-07-29,special,1,65000,65000,00
2026-07-29,special,1,54796,54796,96
2026-07-29,special,1,42916,42916,16
2026-07-29,special,1,89228,89228,28
2026-07-29,special,1,94738,94738,38
2026-07-29,special,1,78754,78754,54
2026-07-29,third,1,20381,20381,81
2026-07-29,third,1,35493,35493,93
2026-07-29,third,1,06770,06770,70
2026-07-29,third,1,76062,76062,62
2026-07-29,third,1,77184,77184,84
2026-07-29,third,1,88137,88137,37
2026-07-29,third,1,31582,31582,82
2026-07-29,third,2,11934,11934,34
2026-07-29,third,2,49836,49836,36
2026-07-29,third,2,93665,93665,65
2026-07-29,third,2,75348,75348,48
2026-07-29,third,2,57894,57894,94
2026-07-29,third,2,24070,24070,70
2026-07-29,third,2,92606,92606,06
2026-07-29,third,3,68435,68435,35
2026-07-29,third,3,74840,74840,40
2026-07-29,third,3,56666,56666,66
2026-07-29,third,3,73197,73197,97
2026-07-29,third,3,96769,96769,69
2026-07-29,third,3,45357,45357,57
2026-07-29,third,3,47748,47748,48
2026-07-29,third,4,73810,73810,10
2026-07-29,third,4,88897,88897,97
2026-07-29,third,4,78753,78753,53
2026-07-29,third,4,83441,83441,41
2026-07-29,third,4,77585,77585,85
2026-07-29,third,4,96965,96965,65
2026-07-29,third,4,35182,35182,82
2026-07-29,third,5,25691,25691,91
2026-07-29,third,5,65767,65767,67
2026-07-29,third,5,55641,55641,41
2026-07-29,third,5,93250,93250,50
2026-07-29,third,5,07692,07692,92
2026-07-29,third,5,79008,79008,08
2026-07-29,third,5,93739,93739,39
2026-07-29,third,6,01615,01615,15
2026-07-29,third,6,91690,91690,90
2026-07-29,third,6,04646,04646,46
2026-07-29,third,6,22158,22158,58
2026-07-29,third,6,18278,18278,78
2026-07-29,third,6,81453,81453,53
2026-07-29,third,6,05434,05434,34
2026-07-30,fifth,1,1892,1892,92
2026-07-30,fifth,1,1635,1635,35
2026-07-30,fifth,1,6520,6520,20
2026-07-30,fifth,1,4852,4852,52
2026-07-30,fifth,1,6546,6546,46
2026-07-30,fifth,1,3871,3871,71
2026-07-30,fifth,1,4662,4662,62
2026-07-30,fifth,2,5908,5908,08
2026-07-30,fifth,2,7627,7627,27
2026-07-30,fifth,2,1724,1724,24
2026-07-30,fifth,2,8164,8164,64
2026-07-30,fifth,2,1509,1509,09
2026-07-30,fifth,2,1098,1098,98
2026-07-30,fifth,2,3343,3343,43
2026-07-30,fifth,3,8059,8059,59
2026-07-30,fifth,3,9403,9403,03
2026-07-30,fifth,3,2965,2965,65
2026-07-30,fifth,3,7651,7651,51
2026-07-30,fifth,3,6938,6938,38
2026-07-30,fifth,3,5229,5229,29
2026-07-30,fifth,3,9982,9982,82
2026-07-30,fifth,4,9584,9584,84
2026-07-30,fifth,4,6620,6620,20
2026-07-30,fifth,4,7102,7102,02
2026-07-30,fifth,4,8392,8392,92
2026-07-30,fifth,4,1105,1105,05
2026-07-30,fifth,4,6719,6719,19
2026-07-30,fifth,4,0464,0464,64
2026-07-30,fifth,5,1035,1035,35
2026-07-30,fifth,5,6205,6205,05
2026-07-30,fifth,5,8361,8361,61
2026-07-30,fifth,5,2961,2961,61
2026-07-30,fifth,5,2610,2610,10
2026-07-30,fifth,5,9881,9881,81
2026-07-30,fifth,5,0713,0713,13
2026-07-30,fifth,6,8612,8612,12
2026-07-30,fifth,6,4379,4379,79
2026-07-30,fifth,6,5090,5090,90
2026-07-30,fifth,6,5133,5133,33
2026-07-30,fifth,6,3449,3449,49
2026-07-30,fifth,6,3605,3605,05
2026-07-30,fifth,6,0765,0765,65
2026-07-30,first,1,84097,84097,97
2026-07-30,first,1,25868,25868,68
2026-07-30,first,1,52177,52177,77
2026-07-30,first,1,90290,90290,90
2026-07-30,first,1,89162,89162,62
2026-07-30,first,1,13978,13978,78
2026-07-30,first,1,64617,64617,17
2026-07-30,fourth,1,4484,4484,84
2026-07-30,fourth,1,2810,2810,10
2026-07-30,fourth,1,3003,3003,03
2026-07-30,fourth,1,0042,0042,42
2026-07-30,fourth,1,6046,6046,46
2026-07-30,fourth,1,9561,9561,61
2026-07-30,fourth,1,4495,4495,95
2026-07-30,fourth,2,0727,0727,27
2026-07-30,fourth,2,1603,1603,03
2026-07-30,fourth,2,2504,2504,04
2026-07-30,fourth,2,3127,3127,27
2026-07-30,fourth,2,2619,2619,19
2026-07-30,fourth,2,2529,2529,29
2026-07-30,fourth,2,3440,3440,40
2026-07-30,fourth,3,5505,5505,05
2026-07-30,fourth,3,8369,8369,69
2026-07-30,fourth,3,4474,4474,74
2026-07-30,fourth,3,8547,8547,47
2026-07-30,fourth,3,0705,0705,05
2026-07-30,fourth,3,2296,2296,96
2026-07-30,fourth,3,1324,1324,24
2026-07-30,fourth,4,4929,4929,29
2026-07-30,fourth,4,5812,5812,12
2026-07-30,fourth,4,7715,7715,15
2026-07-30,fourth,4,0130,0130,30
2026-07-30,fourth,4,4198,4198,98
2026-07-30,fourth,4,7010,7010,10
2026-07-30,fourth,4,1545,1545,45
2026-07-30,second,1,64819,64819,19
2026-07-30,second,1,96568,96568,68
2026-07-30,second,1,37740,37740,40
2026-07-30,second,1,28866,28866,66
2026-07-30,second,1,78045,78045,45
2026-07-30,second,1,86786,86786,86
2026-07-30,second,1,66080,66080,80
2026-07-30,second,2,62447,62447,47
2026-07-30,second,2,26202,26202,02
2026-07-30,second,2,76132,76132,32
2026-07-30,second,2,84542,84542,42
2026-07-30,second,2,30605,30605,05
2026-07-30,second,2,24867,24867,67
2026-07-30,second,2,86525,86525,25
2026-07-30,seventh,1,06,06,06
2026-07-30,seventh,1,75,75,75
2026-07-30,seventh,1,08,08,08
2026-07-30,seventh,1,87,87,87
2026-07-30,seventh,1,32,32,32
2026-07-30,seventh,1,35,35,35
2026-07-30,seventh,1,24,24,24
2026-07-30,seventh,2,82,82,82
2026-07-30,seventh,2,43,43,43
2026-07-30,seventh,2,63,63,63
2026-07-30,seventh,2,29,29,29
2026-07-30,seventh,2,37,37,37
2026-07-30,seventh,2,66,66,66
2026-07-30,seventh,2,68,68,68
2026-07-30,seventh,3,36,36,36
2026-07-30,seventh,3,48,48,48
2026-07-30,seventh,3,56,56,56
2026-07-30,seventh,3,55,55,55
2026-07-30,seventh,3,25,25,25
2026-07-30,seventh,3,69,69,69
2026-07-30,seventh,3,85,85,85
2026-07-30,seventh,4,90,90,90
2026-07-30,seventh,4,81,81,81
2026-07-30,seventh,4,46,46,46
2026-07-30,seventh,4,52,52,52
2026-07-30,seventh,4,60,60,60
2026-07-30,seventh,4,02,02,02
2026-07-30,seventh,4,50,50,50
2026-07-30,sixth,1,595,595,95
2026-07-30,sixth,1,286,286,86
2026-07-30,sixth,1,412,412,12
2026-07-30,sixth,1,874,874,74
2026-07-30,sixth,1,075,075,75
2026-07-30,sixth,1,237,237,37
2026-07-30,sixth,1,074,074,74
2026-07-30,sixth,2,664,664,64
2026-07-30,sixth,2,858,858,58
2026-07-30,sixth,2,496,496,96
2026-07-30,sixth,2,639,639,39
2026-07-30,sixth,2,409,409,09
2026-07-30,sixth,2,505,505,05
2026-07-30,sixth,2,976,976,76
2026-07-30,sixth,3,809,809,09
2026-07-30,sixth,3,734,734,34
2026-07-30,sixth,3,321,321,21
2026-07-30,sixth,3,502,502,02
2026-07-30,sixth,3,698,698,98
2026-07-30,sixth,3,575,575,75
2026-07-30,sixth,3,278,278,78
2026-07-30,special,1,50834,50834,34
2026-07-30,special,1,39983,39983,83
2026-07-30,special,1,65000,65000,00
2026-07-30,special,1,54796,54796,96
2026-07-30,special,1,42916,42916,16
2026-07-30,special,1,89228,89228,28
2026-07-30,special,1,94738,94738,38
2026-07-30,third,1,61775,61775,75
2026-07-30,third,1,20381,20381,81
2026-07-30,third,1,35493,35493,93
2026-07-30,third,1,06770,06770,70
2026-07-30,third,1,76062,76062,62
2026-07-30,third,1,77184,77184,84
2026-07-30,third,1,88137,88137,37
2026-07-30,third,2,30726,30726,26
2026-07-30,third,2,11934,11934,34
2026-07-30,third,2,49836,49836,36
2026-07-30,third,2,93665,93665,65
2026-07-30,third,2,75348,75348,48
2026-07-30,third,2,57894,57894,94
2026-07-30,third,2,24070,24070,70
2026-07-30,third,3,74821,74821,21
2026-07-30,third,3,68435,68435,35
2026-07-30,third,3,74840,74840,40
2026-07-30,third,3,56666,56666,66
2026-07-30,third,3,73197,73197,97
2026-07-30,third,3,96769,96769,69
2026-07-30,third,3,45357,45357,57
2026-07-30,third,4,58590,58590,90
2026-07-30,third,4,73810,73810,10
2026-07-30,third,4,88897,88897,97
2026-07-30,third,4,78753,78753,53
2026-07-30,third,4,83441,83441,41
2026-07-30,third,4,77585,77585,85
2026-07-30,third,4,96965,96965,65
2026-07-30,third,5,77840,77840,40
2026-07-30,third,5,25691,25691,91
2026-07-30,third,5,65767,65767,67
2026-07-30,third,5,55641,55641,41
2026-07-30,third,5,93250,93250,50
2026-07-30,third,5,07692,07692,92
2026-07-30,third,5,79008,79008,08
2026-07-30,third,6,38587,38587,87
2026-07-30,third,6,01615,01615,15
2026-07-30,third,6,91690,91690,90
2026-07-30,third,6,04646,04646,46
2026-07-30,third,6,22158,22158,58
2026-07-30,third,6,18278,18278,78
2026-07-30,third,6,81453,81453,53
2026-07-31,fifth,1,0313,0313,13
2026-07-31,fifth,1,1892,1892,92
2026-07-31,fifth,1,1635,1635,35
2026-07-31,fifth,1,6520,6520,20
2026-07-31,fifth,1,4852,4852,52
2026-07-31,fifth,1,6546,6546,46
2026-07-31,fifth,1,3871,3871,71
2026-07-31,fifth,2,1998,1998,98
2026-07-31,fifth,2,5908,5908,08
2026-07-31,fifth,2,7627,7627,27
2026-07-31,fifth,2,1724,1724,24
2026-07-31,fifth,2,8164,8164,64
2026-07-31,fifth,2,1509,1509,09
2026-07-31,fifth,2,1098,1098,98
2026-07-31,fifth,3,4305,4305,05
2026-07-31,fifth,3,8059,8059,59
2026-07-31,fifth,3,9403,9403,03
2026-07-31,fifth,3,2965,2965,65
2026-07-31,fifth,3,7651,7651,51
2026-07-31,fifth,3,6938,6938,38
2026-07-31,fifth,3,5229,5229,29
2026-07-31,fifth,4,5739,5739,39
2026-07-31,fifth,4,9584,9584,84
2026-07-31,fifth,4,6620,6620,20
2026-07-31,fifth,4,7102,7102,02
2026-07-31,fifth,4,8392,8392,92
2026-07-31,fifth,4,1105,1105,05
2026-07-31,fifth,4,6719,6719,19
2026-07-31,fifth,5,5938,5938,38
2026-07-31,fifth,5,1035,1035,35
2026-07-31,fifth,5,6205,6205,05
2026-07-31,fifth,5,8361,8361,61
2026-07-31,fifth,5,2961,2961,61
2026-07-31,fifth,5,2610,2610,10
2026-07-31,fifth,5,9881,9881,81
2026-07-31,fifth,6,7735,7735,35
2026-07-31,fifth,6,8612,8612,12
2026-07-31,fifth,6,4379,4379,79
2026-07-31,fifth,6,5090,5090,90
2026-07-31,fifth,6,5133,5133,33
2026-07-31,fifth,6,3449,3449,49
2026-07-31,fifth,6,3605,3605,05
2026-07-31,first,1,16959,16959,59
2026-07-31,first,1,84097,84097,97
2026-07-31,first,1,25868,25868,68
2026-07-31,first,1,52177,52177,77
2026-07-31,first,1,90290,90290,90
2026-07-31,first,1,89162,89162,62
2026-07-31,first,1,13978,13978,78
2026-07-31,fourth,1,6052,6052,52
2026-07-31,fourth,1,4484,4484,84
2026-07-31,fourth,1,2810,2810,10
2026-07-31,fourth,1,3003,3003,03
2026-07-31,fourth,1,0042,0042,42
2026-07-31,fourth,1,6046,6046,46
2026-07-31,fourth,1,9561,9561,61
2026-07-31,fourth,2,8854,8854,54
2026-07-31,fourth,2,0727,0727,27
2026-07-31,fourth,2,1603,1603,03
2026-07-31,fourth,2,2504,2504,04
2026-07-31,fourth,2,3127,3127,27
2026-07-31,fourth,2,2619,2619,19
2026-07-31,fourth,2,2529,2529,29
2026-07-31,fourth,3,7635,7635,35
2026-07-31,fourth,3,5505,5505,05
2026-07-31,fourth,3,8369,8369,69
2026-07-31,fourth,3,4474,4474,74
2026-07-31,fourth,3,8547,8547,47
2026-07-31,fourth,3,0705,0705,05
2026-07-31,fourth,3,2296,2296,96
2026-07-31,fourth,4,5079,5079,79
2026-07-31,fourth,4,4929,4929,29
2026-07-31,fourth,4,5812,5812,12
2026-07-31,fourth,4,7715,7715,15
2026-07-31,fourth,4,0130,0130,30
2026-07-31,fourth,4,4198,4198,98
2026-07-31,fourth,4,7010,7010,10
2026-07-31,second,1,10739,10739,39
2026-07-31,second,1,64819,64819,19
2026-07-31,second,1,96568,96568,68
2026-07-31,second,1,37740,37740,40
2026-07-31,second,1,28866,28866,66
2026-07-31,second,1,78045,78045,45
2026-07-31,second,1,86786,86786,86
2026-07-31,second,2,60924,60924,24
2026-07-31,second,2,62447,62447,47
2026-07-31,second,2,26202,26202,02
2026-07-31,second,2,76132,76132,32
2026-07-31,second,2,84542,84542,42
2026-07-31,second,2,30605,30605,05
2026-07-31,second,2,24867,24867,67
2026-07-31,seventh,1,15,15,15
2026-07-31,seventh,1,06,06,06
2026-07-31,seventh,1,75,75,75
2026-07-31,seventh,1,08,08,08
2026-07-31,seventh,1,87,87,87
2026-07-31,seventh,1,32,32,32
2026-07-31,seventh,1,35,35,35
2026-07-31,seventh,2,90,90,90
2026-07-31,seventh,2,82,82,82
2026-07-31,seventh,2,43,43,43
2026-07-31,seventh,2,63,63,63
2026-07-31,seventh,2,29,29,29
2026-07-31,seventh,2,37,37,37
2026-07-31,seventh,2,66,66,66
2026-07-31,seventh,3,04,04,04
2026-07-31,seventh,3,36,36,36
2026-07-31,seventh,3,48,48,48
2026-07-31,seventh,3,56,56,56
2026-07-31,seventh,3,55,55,55
2026-07-31,seventh,3,25,25,25
2026-07-31,seventh,3,69,69,69
2026-07-31,seventh,4,83,83,83
2026-07-31,seventh,4,90,90,90
2026-07-31,seventh,4,81,81,81
2026-07-31,seventh,4,46,46,46
2026-07-31,seventh,4,52,52,52
2026-07-31,seventh,4,60,60,60
2026-07-31,seventh,4,02,02,02
2026-07-31,sixth,1,515,515,15
2026-07-31,sixth,1,595,595,95
2026-07-31,sixth,1,286,286,86
2026-07-31,sixth,1,412,412,12
2026-07-31,sixth,1,874,874,74
2026-07-31,sixth,1,075,075,75
2026-07-31,sixth,1,237,237,37
2026-07-31,sixth,2,155,155,55
2026-07-31,sixth,2,664,664,64
2026-07-31,sixth,2,858,858,58
2026-07-31,sixth,2,496,496,96
2026-07-31,sixth,2,639,639,39
2026-07-31,sixth,2,409,409,09
2026-07-31,sixth,2,505,505,05
2026-07-31,sixth,3,117,117,17
2026-07-31,sixth,3,809,809,09
2026-07-31,sixth,3,734,734,34
2026-07-31,sixth,3,321,321,21
2026-07-31,sixth,3,502,502,02
2026-07-31,sixth,3,698,698,98
2026-07-31,sixth,3,575,575,75
2026-07-31,special,1,41710,41710,10
2026-07-31,special,1,50834,50834,34
2026-07-31,special,1,39983,39983,83
2026-07-31,special,1,65000,65000,00
2026-07-31,special,1,54796,54796,96
2026-07-31,special,1,42916,42916,16
2026-07-31,special,1,89228,89228,28
2026-07-31,third,1,41368,41368,68
2026-07-31,third,1,61775,61775,75
2026-07-31,third,1,20381,20381,81
2026-07-31,third,1,35493,35493,93
2026-07-31,third,1,06770,06770,70
2026-07-31,third,1,76062,76062,62
2026-07-31,third,1,77184,77184,84
2026-07-31,third,2,90811,90811,11
2026-07-31,third,2,30726,30726,26
2026-07-31,third,2,11934,11934,34
2026-07-31,third,2,49836,49836,36
2026-07-31,third,2,93665,93665,65
2026-07-31,third,2,75348,75348,48
2026-07-31,third,2,57894,57894,94
2026-07-31,third,3,63123,63123,23
2026-07-31,third,3,74821,74821,21
2026-07-31,third,3,68435,68435,35
2026-07-31,third,3,74840,74840,40
2026-07-31,third,3,56666,56666,66
2026-07-31,third,3,73197,73197,97
2026-07-31,third,3,96769,96769,69
2026-07-31,third,4,98424,98424,24
2026-07-31,third,4,58590,58590,90
2026-07-31,third,4,73810,73810,10
2026-07-31,third,4,88897,88897,97
2026-07-31,third,4,78753,78753,53
2026-07-31,third,4,83441,83441,41
2026-07-31,third,4,77585,77585,85
2026-07-31,third,5,67441,67441,41
2026-07-31,third,5,77840,77840,40
2026-07-31,third,5,25691,25691,91
2026-07-31,third,5,65767,65767,67
2026-07-31,third,5,55641,55641,41
2026-07-31,third,5,93250,93250,50
2026-07-31,third,5,07692,07692,92
2026-07-31,third,6,83952,83952,52
2026-07-31,third,6,38587,38587,87
2026-07-31,third,6,01615,01615,15
2026-07-31,third,6,91690,91690,90
2026-07-31,third,6,04646,04646,46
2026-07-31,third,6,22158,22158,58
2026-07-31,third,6,18278,18278,78
2026-08-01,fifth,1,5888,5888,88
2026-08-01,fifth,1,0313,0313,13
2026-08-01,fifth,1,1892,1892,92
2026-08-01,fifth,1,1635,1635,35
2026-08-01,fifth,1,6520,6520,20
2026-08-01,fifth,1,4852,4852,52
2026-08-01,fifth,1,6546,6546,46
2026-08-01,fifth,2,1776,1776,76
2026-08-01,fifth,2,1998,1998,98
2026-08-01,fifth,2,5908,5908,08
2026-08-01,fifth,2,7627,7627,27
2026-08-01,fifth,2,1724,1724,24
2026-08-01,fifth,2,8164,8164,64
2026-08-01,fifth,2,1509,1509,09
2026-08-01,fifth,3,7682,7682,82
2026-08-01,fifth,3,4305,4305,05
2026-08-01,fifth,3,8059,8059,59
2026-08-01,fifth,3,9403,9403,03
2026-08-01,fifth,3,2965,2965,65
2026-08-01,fifth,3,7651,7651,51
2026-08-01,fifth,3,6938,6938,38
2026-08-01,fifth,4,2260,2260,60
2026-08-01,fifth,4,5739,5739,39
2026-08-01,fifth,4,9584,9584,84
2026-08-01,fifth,4,6620,6620,20
2026-08-01,fifth,4,7102,7102,02
2026-08-01,fifth,4,8392,8392,92
2026-08-01,fifth,4,1105,1105,05
2026-08-01,fifth,5,2936,2936,36
2026-08-01,fifth,5,5938,5938,38
2026-08-01,fifth,5,1035,1035,35
2026-08-01,fifth,5,6205,6205,05
2026-08-01,fifth,5,8361,8361,61
2026-08-01,fifth,5,2961,2961,61
2026-08-01,fifth,5,2610,2610,10
2026-08-01,fifth,6,9556,9556,56
2026-08-01,fifth,6,7735,7735,35
2026-08-01,fifth,6,8612,8612,12
2026-08-01,fifth,6,4379,4379,79
2026-08-01,fifth,6,5090,5090,90
2026-08-01,fifth,6,5133,5133,33
2026-08-01,fifth,6,3449,3449,49
2026-08-01,first,1,52597,52597,97
2026-08-01,first,1,16959,16959,59
2026-08-01,first,1,84097,84097,97
2026-08-01,first,1,25868,25868,68
2026-08-01,first,1,52177,52177,77
2026-08-01,first,1,90290,90290,90
2026-08-01,first,1,89162,89162,62
2026-08-01,fourth,1,0830,0830,30
2026-08-01,fourth,1,6052,6052,52
2026-08-01,fourth,1,4484,4484,84
2026-08-01,fourth,1,2810,2810,10
2026-08-01,fourth,1,3003,3003,03
2026-08-01,fourth,1,0042,0042,42
2026-08-01,fourth,1,6046,6046,46
2026-08-01,fourth,2,6463,6463,63
2026-08-01,fourth,2,8854,8854,54
2026-08-01,fourth,2,0727,0727,27
2026-08-01,fourth,2,1603,1603,03
2026-08-01,fourth,2,2504,2504,04
2026-08-01,fourth,2,3127,3127,27
2026-08-01,fourth,2,2619,2619,19
2026-08-01,fourth,3,8249,8249,49
2026-08-01,fourth,3,7635,7635,35
2026-08-01,fourth,3,5505,5505,05
2026-08-01,fourth,3,8369,8369,69
2026-08-01,fourth,3,4474,4474,74
2026-08-01,fourth,3,8547,8547,47
2026-08-01,fourth,3,0705,0705,05
2026-08-01,fourth,4,5448,5448,48
2026-08-01,fourth,4,5079,5079,79
2026-08-01,fourth,4,4929,4929,29
2026-08-01,fourth,4,5812,5812,12
2026-08-01,fourth,4,7715,7715,15
2026-08-01,fourth,4,0130,0130,30
2026-08-01,fourth,4,4198,4198,98
2026-08-01,second,1,36687,36687,87
2026-08-01,second,1,10739,10739,39
2026-08-01,second,1,64819,64819,19
2026-08-01,second,1,96568,96568,68
2026-08-01,second,1,37740,37740,40
2026-08-01,second,1,28866,28866,66
2026-08-01,second,1,78045,78045,45
2026-08-01,second,2,55162,55162,62
2026-08-01,second,2,60924,60924,24
2026-08-01,second,2,62447,62447,47
2026-08-01,second,2,26202,26202,02
2026-08-01,second,2,76132,76132,32
2026-08-01,second,2,84542,84542,42
2026-08-01,second,2,30605,30605,05
2026-08-01,seventh,1,56,56,56
2026-08-01,seventh,1,15,15,15
2026-08-01,seventh,1,06,06,06
2026-08-01,seventh,1,75,75,75
2026-08-01,seventh,1,08,08,08
2026-08-01,seventh,1,87,87,87
2026-08-01,seventh,1,32,32,32
2026-08-01,seventh,2,80,80,80
2026-08-01,seventh,2,90,90,90
2026-08-01,seventh,2,82,82,82
2026-08-01,seventh,2,43,43,43
2026-08-01,seventh,2,63,63,63
2026-08-01,seventh,2,29,29,29
2026-08-01,seventh,2,37,37,37
2026-08-01,seventh,3,52,52,52
2026-08-01,seventh,3,04,04,04
2026-08-01,seventh,3,36,36,36
2026-08-01,seventh,3,48,48,48
2026-08-01,seventh,3,56,56,56
2026-08-01,seventh,3,55,55,55
2026-08-01,seventh,3,25,25,25
2026-08-01,seventh,4,90,90,90
2026-08-01,seventh,4,83,83,83
2026-08-01,seventh,4,90,90,90
2026-08-01,seventh,4,81,81,81
2026-08-01,seventh,4,46,46,46
2026-08-01,seventh,4,52,52,52
2026-08-01,seventh,4,60,60,60
2026-08-01,sixth,1,012,012,12
2026-08-01,sixth,1,515,515,15
2026-08-01,sixth,1,595,595,95
2026-08-01,sixth,1,286,286,86
2026-08-01,sixth,1,412,412,12
2026-08-01,sixth,1,874,874,74
2026-08-01,sixth,1,075,075,75
2026-08-01,sixth,2,034,034,34
2026-08-01,sixth,2,155,155,55
2026-08-01,sixth,2,664,664,64
2026-08-01,sixth,2,858,858,58
2026-08-01,sixth,2,496,496,96
2026-08-01,sixth,2,639,639,39
2026-08-01,sixth,2,409,409,09
2026-08-01,sixth,3,827,827,27
2026-08-01,sixth,3,117,117,17
2026-08-01,sixth,3,809,809,09
2026-08-01,sixth,3,734,734,34
2026-08-01,sixth,3,321,321,21
2026-08-01,sixth,3,502,502,02
2026-08-01,sixth,3,698,698,98
2026-08-01,special,1,44823,44823,23
2026-08-01,special,1,41710,41710,10
2026-08-01,special,1,50834,50834,34
2026-08-01,special,1,39983,39983,83
2026-08-01,special,1,65000,65000,00
2026-08-01,special,1,54796,54796,96
2026-08-01,special,1,42916,42916,16
2026-08-01,third,1,45892,45892,92
2026-08-01,third,1,41368,41368,68
2026-08-01,third,1,61775,61775,75
2026-08-01,third,1,20381,20381,81
2026-08-01,third,1,35493,35493,93
2026-08-01,third,1,06770,06770,70
2026-08-01,third,1,76062,76062,62
2026-08-01,third,2,26457,26457,57
2026-08-01,third,2,90811,90811,11
2026-08-01,third,2,30726,30726,26
2026-08-01,third,2,11934,11934,34
2026-08-01,third,2,49836,49836,36
2026-08-01,third,2,93665,93665,65
2026-08-01,third,2,75348,75348,48
2026-08-01,third,3,00699,00699,99
2026-08-01,third,3,63123,63123,23
2026-08-01,third,3,74821,74821,21
2026-08-01,third,3,68435,68435,35
2026-08-01,third,3,74840,74840,40
2026-08-01,third,3,56666,56666,66
2026-08-01,third,3,73197,73197,97
2026-08-01,third,4,25760,25760,60
2026-08-01,third,4,98424,98424,24
2026-08-01,third,4,58590,58590,90
2026-08-01,third,4,73810,73810,10
2026-08-01,third,4,88897,88897,97
2026-08-01,third,4,78753,78753,53
2026-08-01,third,4,83441,83441,41
2026-08-01,third,5,69254,69254,54
2026-08-01,third,5,67441,67441,41
2026-08-01,third,5,77840,77840,40
2026-08-01,third,5,25691,25691,91
2026-08-01,third,5,65767,65767,67
2026-08-01,third,5,55641,55641,41
2026-08-01,third,5,93250,93250,50
2026-08-01,third,6,52166,52166,66
2026-08-01,third,6,83952,83952,52
2026-08-01,third,6,38587,38587,87
2026-08-01,third,6,01615,01615,15
2026-08-01,third,6,91690,91690,90
2026-08-01,third,6,04646,04646,46
2026-08-01,third,6,22158,22158,58
2026-08-02,fifth,1,3904,3904,04
2026-08-02,fifth,1,5888,5888,88
2026-08-02,fifth,1,0313,0313,13
2026-08-02,fifth,1,1892,1892,92
2026-08-02,fifth,1,1635,1635,35
2026-08-02,fifth,1,6520,6520,20
2026-08-02,fifth,1,4852,4852,52
2026-08-02,fifth,2,3715,3715,15
2026-08-02,fifth,2,1776,1776,76
2026-08-02,fifth,2,1998,1998,98
2026-08-02,fifth,2,5908,5908,08
2026-08-02,fifth,2,7627,7627,27
2026-08-02,fifth,2,1724,1724,24
2026-08-02,fifth,2,8164,8164,64
2026-08-02,fifth,3,4923,4923,23
2026-08-02,fifth,3,7682,7682,82
2026-08-02,fifth,3,4305,4305,05
2026-08-02,fifth,3,8059,8059,59
2026-08-02,fifth,3,9403,9403,03
2026-08-02,fifth,3,2965,2965,65
2026-08-02,fifth,3,7651,7651,51
2026-08-02,fifth,4,1801,1801,01
2026-08-02,fifth,4,2260,2260,60
2026-08-02,fifth,4,5739,5739,39
2026-08-02,fifth,4,9584,9584,84
2026-08-02,fifth,4,6620,6620,20
2026-08-02,fifth,4,7102,7102,02
2026-08-02,fifth,4,8392,8392,92
2026-08-02,fifth,5,7169,7169,69
2026-08-02,fifth,5,2936,2936,36
2026-08-02,fifth,5,5938,5938,38
2026-08-02,fifth,5,1035,1035,35
2026-08-02,fifth,5,6205,6205,05
2026-08-02,fifth,5,8361,8361,61
2026-08-02,fifth,5,2961,2961,61
2026-08-02,fifth,6,9455,9455,55
2026-08-02,fifth,6,9556,9556,56
2026-08-02,fifth,6,7735,7735,35
2026-08-02,fifth,6,8612,8612,12
2026-08-02,fifth,6,4379,4379,79
2026-08-02,fifth,6,5090,5090,90
2026-08-02,fifth,6,5133,5133,33
2026-08-02,first,1,01183,01183,83
2026-08-02,first,1,52597,52597,97
2026-08-02,first,1,16959,16959,59
2026-08-02,first,1,84097,84097,97
2026-08-02,first,1,25868,25868,68
2026-08-02,first,1,52177,52177,77
2026-08-02,first,1,90290,90290,90
2026-08-02,fourth,1,4498,4498,98
2026-08-02,fourth,1,0830,0830,30
2026-08-02,fourth,1,6052,6052,52
2026-08-02,fourth,1,4484,4484,84
2026-08-02,fourth,1,2810,2810,10
2026-08-02,fourth,1,3003,3003,03
2026-08-02,fourth,1,0042,0042,42
2026-08-02,fourth,2,8181,8181,81
2026-08-02,fourth,2,6463,6463,63
2026-08-02,fourth,2,8854,8854,54
2026-08-02,fourth,2,0727,0727,27
2026-08-02,fourth,2,1603,1603,03
2026-08-02,fourth,2,2504,2504,04
2026-08-02,fourth,2,3127,3127,27
2026-08-02,fourth,3,0748,0748,48
2026-08-02,fourth,3,8249,8249,49
2026-08-02,fourth,3,7635,7635,35
2026-08-02,fourth,3,5505,5505,05
2026-08-02,fourth,3,8369,8369,69
2026-08-02,fourth,3,4474,4474,74
2026-08-02,fourth,3,8547,8547,47
2026-08-02,fourth,4,7913,7913,13
2026-08-02,fourth,4,5448,5448,48
2026-08-02,fourth,4,5079,5079,79
2026-08-02,fourth,4,4929,4929,29
2026-08-02,fourth,4,5812,5812,12
2026-08-02,fourth,4,7715,7715,15
2026-08-02,fourth,4,0130,0130,30
2026-08-02,second,1,86638,86638,38
2026-08-02,second,1,36687,36687,87
2026-08-02,second,1,10739,10739,39
2026-08-02,second,1,64819,64819,19
2026-08-02,second,1,96568,96568,68
2026-08-02,second,1,37740,37740,40
2026-08-02,second,1,28866,28866,66
2026-08-02,second,2,28428,28428,28
2026-08-02,second,2,55162,55162,62
2026-08-02,second,2,60924,60924,24
2026-08-02,second,2,62447,62447,47
2026-08-02,second,2,26202,26202,02
2026-08-02,second,2,76132,76132,32
2026-08-02,second,2,84542,84542,42
2026-08-02,seventh,1,52,52,52
2026-08-02,seventh,1,56,56,56
2026-08-02,seventh,1,15,15,15
2026-08-02,seventh,1,06,06,06
2026-08-02,seventh,1,75,75,75
2026-08-02,seventh,1,08,08,08
2026-08-02,seventh,1,87,87,87
2026-08-02,seventh,2,80,80,80
2026-08-02,seventh,2,80,80,80
2026-08-02,seventh,2,90,90,90
2026-08-02,seventh,2,82,82,82
2026-08-02,seventh,2,43,43,43
2026-08-02,seventh,2,63,63,63
2026-08-02,seventh,2,29,29,29
2026-08-02,seventh,3,91,91,91
2026-08-02,seventh,3,52,52,52
2026-08-02,seventh,3,04,04,04
2026-08-02,seventh,3,36,36,36
2026-08-02,seventh,3,48,48,48
2026-08-02,seventh,3,56,56,56
2026-08-02,seventh,3,55,55,55
2026-08-02,seventh,4,54,54,54
2026-08-02,seventh,4,90,90,90
2026-08-02,seventh,4,83,83,83
2026-08-02,seventh,4,90,90,90
2026-08-02,seventh,4,81,81,81
2026-08-02,seventh,4,46,46,46
2026-08-02,seventh,4,52,52,52
2026-08-02,sixth,1,012,012,12
2026-08-02,sixth,1,012,012,12
2026-08-02,sixth,1,515,515,15
2026-08-02,sixth,1,595,595,95
2026-08-02,sixth,1,286,286,86
2026-08-02,sixth,1,412,412,12
2026-08-02,sixth,1,874,874,74
2026-08-02,sixth,2,764,764,64
2026-08-02,sixth,2,034,034,34
2026-08-02,sixth,2,155,155,55
2026-08-02,sixth,2,664,664,64
2026-08-02,sixth,2,858,858,58
2026-08-02,sixth,2,496,496,96
2026-08-02,sixth,2,639,639,39
2026-08-02,sixth,3,261,261,61
2026-08-02,sixth,3,827,827,27
2026-08-02,sixth,3,117,117,17
2026-08-02,sixth,3,809,809,09
2026-08-02,sixth,3,734,734,34
2026-08-02,sixth,3,321,321,21
2026-08-02,sixth,3,502,502,02
2026-08-02,special,1,11909,11909,09
2026-08-02,special,1,44823,44823,23
2026-08-02,special,1,41710,41710,10
2026-08-02,special,1,50834,50834,34
2026-08-02,special,1,39983,39983,83
2026-08-02,special,1,65000,65000,00
2026-08-02,special,1,54796,54796,96
2026-08-02,third,1,50294,50294,94
2026-08-02,third,1,45892,45892,92
2026-08-02,third,1,41368,41368,68
2026-08-02,third,1,61775,61775,75
2026-08-02,third,1,20381,20381,81
2026-08-02,third,1,35493,35493,93
2026-08-02,third,1,06770,06770,70
2026-08-02,third,2,48741,48741,41
2026-08-02,third,2,26457,26457,57
2026-08-02,third,2,90811,90811,11
2026-08-02,third,2,30726,30726,26
2026-08-02,third,2,11934,11934,34
2026-08-02,third,2,49836,49836,36
2026-08-02,third,2,93665,93665,65
2026-08-02,third,3,18207,18207,07
2026-08-02,third,3,00699,00699,99
2026-08-02,third,3,63123,63123,23
2026-08-02,third,3,74821,74821,21
2026-08-02,third,3,68435,68435,35
2026-08-02,third,3,74840,74840,40
2026-08-02,third,3,56666,56666,66
2026-08-02,third,4,84003,84003,03
2026-08-02,third,4,25760,25760,60
2026-08-02,third,4,98424,98424,24
2026-08-02,third,4,58590,58590,90
2026-08-02,third,4,73810,73810,10
2026-08-02,third,4,88897,88897,97
2026-08-02,third,4,78753,78753,53
2026-08-02,third,5,55298,55298,98
2026-08-02,third,5,69254,69254,54
2026-08-02,third,5,67441,67441,41
2026-08-02,third,5,77840,77840,40
2026-08-02,third,5,25691,25691,91
2026-08-02,third,5,65767,65767,67
2026-08-02,third,5,55641,55641,41
2026-08-02,third,6,24833,24833,33
2026-08-02,third,6,52166,52166,66
2026-08-02,third,6,83952,83952,52
2026-08-02,third,6,38587,38587,87
2026-08-02,third,6,01615,01615,15
2026-08-02,third,6,91690,91690,90
2026-08-02,third,6,04646,04646,46
2026-08-03,fifth,1,7586,7586,86
2026-08-03,fifth,1,3904,3904,04
2026-08-03,fifth,1,5888,5888,88
2026-08-03,fifth,1,0313,0313,13
2026-08-03,fifth,1,1892,1892,92
2026-08-03,fifth,1,1635,1635,35
2026-08-03,fifth,1,6520,6520,20
2026-08-03,fifth,2,6902,6902,02
2026-08-03,fifth,2,3715,3715,15
2026-08-03,fifth,2,1776,1776,76
2026-08-03,fifth,2,1998,1998,98
2026-08-03,fifth,2,5908,5908,08
2026-08-03,fifth,2,7627,7627,27
2026-08-03,fifth,2,1724,1724,24
2026-08-03,fifth,3,0788,0788,88
2026-08-03,fifth,3,4923,4923,23
2026-08-03,fifth,3,7682,7682,82
2026-08-03,fifth,3,4305,4305,05
2026-08-03,fifth,3,8059,8059,59
2026-08-03,fifth,3,9403,9403,03
2026-08-03,fifth,3,2965,2965,65
2026-08-03,fifth,4,8923,8923,23
2026-08-03,fifth,4,1801,1801,01
2026-08-03,fifth,4,2260,2260,60
2026-08-03,fifth,4,5739,5739,39
2026-08-03,fifth,4,9584,9584,84
2026-08-03,fifth,4,6620,6620,20
2026-08-03,fifth,4,7102,7102,02
2026-08-03,fifth,5,8325,8325,25
2026-08-03,fifth,5,7169,7169,69
2026-08-03,fifth,5,2936,2936,36
2026-08-03,fifth,5,5938,5938,38
2026-08-03,fifth,5,1035,1035,35
2026-08-03,fifth,5,6205,6205,05
2026-08-03,fifth,5,8361,8361,61
2026-08-03,fifth,6,9223,9223,23
2026-08-03,fifth,6,9455,9455,55
2026-08-03,fifth,6,9556,9556,56
2026-08-03,fifth,6,7735,7735,35
2026-08-03,fifth,6,8612,8612,12
2026-08-03,fifth,6,4379,4379,79
2026-08-03,fifth,6,5090,5090,90
2026-08-03,first,1,27241,27241,41
2026-08-03,first,1,01183,01183,83
2026-08-03,first,1,52597,52597,97
2026-08-03,first,1,16959,16959,59
2026-08-03,first,1,84097,84097,97
2026-08-03,first,1,25868,25868,68
2026-08-03,first,1,52177,52177,77
2026-08-03,fourth,1,7710,7710,10
2026-08-03,fourth,1,4498,4498,98
2026-08-03,fourth,1,0830,0830,30
2026-08-03,fourth,1,6052,6052,52
2026-08-03,fourth,1,4484,4484,84
2026-08-03,fourth,1,2810,2810,10
2026-08-03,fourth,1,3003,3003,03
2026-08-03,fourth,2,8275,8275,75
2026-08-03,fourth,2,8181,8181,81
2026-08-03,fourth,2,6463,6463,63
2026-08-03,fourth,2,8854,8854,54
2026-08-03,fourth,2,0727,0727,27
2026-08-03,fourth,2,1603,1603,03
2026-08-03,fourth,2,2504,2504,04
2026-08-03,fourth,3,9162,9162,62
2026-08-03,fourth,3,0748,0748,48
2026-08-03,fourth,3,8249,8249,49
2026-08-03,fourth,3,7635,7635,35
2026-08-03,fourth,3,5505,5505,05
2026-08-03,fourth,3,8369,8369,69
2026-08-03,fourth,3,4474,4474,74
2026-08-03,fourth,4,1657,1657,57
2026-08-03,fourth,4,7913,7913,13
2026-08-03,fourth,4,5448,5448,48
2026-08-03,fourth,4,5079,5079,79
2026-08-03,fourth,4,4929,4929,29
2026-08-03,fourth,4,5812,5812,12
2026-08-03,fourth,4,7715,7715,15
2026-08-03,second,1,31300,31300,00
2026-08-03,second,1,86638,86638,38
2026-08-03,second,1,36687,36687,87
2026-08-03,second,1,10739,10739,39
2026-08-03,second,1,64819,64819,19
2026-08-03,second,1,96568,96568,68
2026-08-03,second,1,37740,37740,40
2026-08-03,second,2,51792,51792,92
2026-08-03,second,2,28428,28428,28
2026-08-03,second,2,55162,55162,62
2026-08-03,second,2,60924,60924,24
2026-08-03,second,2,62447,62447,47
2026-08-03,second,2,26202,26202,02
2026-08-03,second,2,76132,76132,32
2026-08-03,seventh,1,04,04,04
2026-08-03,seventh,1,52,52,52
2026-08-03,seventh,1,56,56,56
2026-08-03,seventh,1,15,15,15
2026-08-03,seventh,1,06,06,06
2026-08-03,seventh,1,75,75,75
2026-08-03,seventh,1,08,08,08
2026-08-03,seventh,2,63,63,63
2026-08-03,seventh,2,80,80,80
2026-08-03,seventh,2,80,80,80
2026-08-03,seventh,2,90,90,90
2026-08-03,seventh,2,82,82,82
2026-08-03,seventh,2,43,43,43
2026-08-03,seventh,2,63,63,63
2026-08-03,seventh,3,29,29,29
2026-08-03,seventh,3,91,91,91
2026-08-03,seventh,3,52,52,52
2026-08-03,seventh,3,04,04,04
2026-08-03,seventh,3,36,36,36
2026-08-03,seventh,3,48,48,48
2026-08-03,seventh,3,56,56,56
2026-08-03,seventh,4,46,46,46
2026-08-03,seventh,4,54,54,54
2026-08-03,seventh,4,90,90,90
2026-08-03,seventh,4,83,83,83
2026-08-03,seventh,4,90,90,90
2026-08-03,seventh,4,81,81,81
2026-08-03,seventh,4,46,46,46
2026-08-03,sixth,1,025,025,25
2026-08-03,sixth,1,012,012,12
2026-08-03,sixth,1,012,012,12
2026-08-03,sixth,1,515,515,15
2026-08-03,sixth,1,595,595,95
2026-08-03,sixth,1,286,286,86
2026-08-03,sixth,1,412,412,12
2026-08-03,sixth,2,472,472,72
2026-08-03,sixth,2,764,764,64
2026-08-03,sixth,2,034,034,34
2026-08-03,sixth,2,155,155,55
2026-08-03,sixth,2,664,664,64
2026-08-03,sixth,2,858,858,58
2026-08-03,sixth,2,496,496,96
2026-08-03,sixth,3,724,724,24
2026-08-03,sixth,3,261,261,61
2026-08-03,sixth,3,827,827,27
2026-08-03,sixth,3,117,117,17
2026-08-03,sixth,3,809,809,09
2026-08-03,sixth,3,734,734,34
2026-08-03,sixth,3,321,321,21
2026-08-03,special,1,79247,79247,47
2026-08-03,special,1,11909,11909,09
2026-08-03,special,1,44823,44823,23
2026-08-03,special,1,41710,41710,10
2026-08-03,special,1,50834,50834,34
2026-08-03,special,1,39983,39983,83
2026-08-03,special,1,65000,65000,00
2026-08-03,third,1,07775,07775,75
2026-08-03,third,1,50294,50294,94
2026-08-03,third,1,45892,45892,92
2026-08-03,third,1,41368,41368,68
2026-08-03,third,1,61775,61775,75
2026-08-03,third,1,20381,20381,81
2026-08-03,third,1,35493,35493,93
2026-08-03,third,2,51893,51893,93
2026-08-03,third,2,48741,48741,41
2026-08-03,third,2,26457,26457,57
2026-08-03,third,2,90811,90811,11
2026-08-03,third,2,30726,30726,26
2026-08-03,third,2,11934,11934,34
2026-08-03,third,2,49836,49836,36
2026-08-03,third,3,23369,23369,69
2026-08-03,third,3,18207,18207,07
2026-08-03,third,3,00699,00699,99
2026-08-03,third,3,63123,63123,23
2026-08-03,third,3,74821,74821,21
2026-08-03,third,3,68435,68435,35
2026-08-03,third,3,74840,74840,40
2026-08-03,third,4,83969,83969,69
2026-08-03,third,4,84003,84003,03
2026-08-03,third,4,25760,25760,60
2026-08-03,third,4,98424,98424,24
2026-08-03,third,4,58590,58590,90
2026-08-03,third,4,73810,73810,10
2026-08-03,third,4,88897,88897,97
2026-08-03,third,5,97015,97015,15
2026-08-03,third,5,55298,55298,98
2026-08-03,third,5,69254,69254,54
2026-08-03,third,5,67441,67441,41
2026-08-03,third,5,77840,77840,40
2026-08-03,third,5,25691,25691,91
2026-08-03,third,5,65767,65767,67
2026-08-03,third,6,65551,65551,51
2026-08-03,third,6,24833,24833,33
2026-08-03,third,6,52166,52166,66
2026-08-03,third,6,83952,83952,52
2026-08-03,third,6,38587,38587,87
2026-08-03,third,6,01615,01615,15
2026-08-03,third,6,91690,91690,90
2026-08-04,fifth,1,4877,4877,77
2026-08-04,fifth,1,7586,7586,86
2026-08-04,fifth,1,3904,3904,04
2026-08-04,fifth,1,5888,5888,88
2026-08-04,fifth,1,0313,0313,13
2026-08-04,fifth,1,1892,1892,92
2026-08-04,fifth,1,1635,1635,35
2026-08-04,fifth,2,0072,0072,72
2026-08-04,fifth,2,6902,6902,02
2026-08-04,fifth,2,3715,3715,15
2026-08-04,fifth,2,1776,1776,76
2026-08-04,fifth,2,1998,1998,98
2026-08-04,fifth,2,5908,5908,08
2026-08-04,fifth,2,7627,7627,27
2026-08-04,fifth,3,0502,0502,02
2026-08-04,fifth,3,0788,0788,88
2026-08-04,fifth,3,4923,4923,23
2026-08-04,fifth,3,7682,7682,82
2026-08-04,fifth,3,4305,4305,05
2026-08-04,fifth,3,8059,8059,59
2026-08-04,fifth,3,9403,9403,03
2026-08-04,fifth,4,7833,7833,33
2026-08-04,fifth,4,8923,8923,23
2026-08-04,fifth,4,1801,1801,01
2026-08-04,fifth,4,2260,2260,60
2026-08-04,fifth,4,5739,5739,39
2026-08-04,fifth,4,9584,9584,84
2026-08-04,fifth,4,6620,6620,20
2026-08-04,fifth,5,5986,5986,86
2026-08-04,fifth,5,8325,8325,25
2026-08-04,fifth,5,7169,7169,69
2026-08-04,fifth,5,2936,2936,36
2026-08-04,fifth,5,5938,5938,38
2026-08-04,fifth,5,1035,1035,35
2026-08-04,fifth,5,6205,6205,05
2026-08-04,fifth,6,6061,6061,61
2026-08-04,fifth,6,9223,9223,23
2026-08-04,fifth,6,9455,9455,55
2026-08-04,fifth,6,9556,9556,56
2026-08-04,fifth,6,7735,7735,35
2026-08-04,fifth,6,8612,8612,12
2026-08-04,fifth,6,4379,4379,79
2026-08-04,first,1,35862,35862,62
2026-08-04,first,1,27241,27241,41
2026-08-04,first,1,01183,01183,83
2026-08-04,first,1,52597,52597,97
2026-08-04,first,1,16959,16959,59
2026-08-04,first,1,84097,84097,97
2026-08-04,first,1,25868,25868,68
2026-08-04,fourth,1,3724,3724,24
2026-08-04,fourth,1,7710,7710,10
2026-08-04,fourth,1,4498,4498,98
2026-08-04,fourth,1,0830,0830,30
2026-08-04,fourth,1,6052,6052,52
2026-08-04,fourth,1,4484,4484,84
2026-08-04,fourth,1,2810,2810,10
2026-08-04,fourth,2,1894,1894,94
2026-08-04,fourth,2,8275,8275,75
2026-08-04,fourth,2,8181,8181,81
2026-08-04,fourth,2,6463,6463,63
2026-08-04,fourth,2,8854,8854,54
2026-08-04,fourth,2,0727,0727,27
2026-08-04,fourth,2,1603,1603,03
2026-08-04,fourth,3,2733,2733,33
2026-08-04,fourth,3,9162,9162,62
2026-08-04,fourth,3,0748,0748,48
2026-08-04,fourth,3,8249,8249,49
2026-08-04,fourth,3,7635,7635,35
2026-08-04,fourth,3,5505,5505,05
2026-08-04,fourth,3,8369,8369,69
2026-08-04,fourth,4,9432,9432,32
2026-08-04,fourth,4,1657,1657,57
2026-08-04,fourth,4,7913,7913,13
2026-08-04,fourth,4,5448,5448,48
2026-08-04,fourth,4,5079,5079,79
2026-08-04,fourth,4,4929,4929,29
2026-08-04,fourth,4,5812,5812,12
2026-08-04,second,1,96610,96610,10
2026-08-04,second,1,31300,31300,00
2026-08-04,second,1,86638,86638,38
2026-08-04,second,1,36687,36687,87
2026-08-04,second,1,10739,10739,39
2026-08-04,second,1,64819,64819,19
2026-08-04,second,1,96568,96568,68
2026-08-04,second,2,12077,12077,77
2026-08-04,second,2,51792,51792,92
2026-08-04,second,2,28428,28428,28
2026-08-04,second,2,55162,55162,62
2026-08-04,second,2,60924,60924,24
2026-08-04,second,2,62447,62447,47
2026-08-04,second,2,26202,26202,02
2026-08-04,seventh,1,78,78,78
2026-08-04,seventh,1,04,04,04
2026-08-04,seventh,1,52,52,52
2026-08-04,seventh,1,56,56,56
2026-08-04,seventh,1,15,15,15
2026-08-04,seventh,1,06,06,06
2026-08-04,seventh,1,75,75,75
2026-08-04,seventh,2,84,84,84
2026-08-04,seventh,2,63,63,63
2026-08-04,seventh,2,80,80,80
2026-08-04,seventh,2,80,80,80
2026-08-04,seventh,2,90,90,90
2026-08-04,seventh,2,82,82,82
2026-08-04,seventh,2,43,43,43
2026-08-04,seventh,3,44,44,44
2026-08-04,seventh,3,29,29,29
2026-08-04,seventh,3,91,91,91
2026-08-04,seventh,3,52,52,52
2026-08-04,seventh,3,04,04,04
2026-08-04,seventh,3,36,36,36
2026-08-04,seventh,3,48,48,48
2026-08-04,seventh,4,82,82,82
2026-08-04,seventh,4,46,46,46
2026-08-04,seventh,4,54,54,54
2026-08-04,seventh,4,90,90,90
2026-08-04,seventh,4,83,83,83
2026-08-04,seventh,4,90,90,90
2026-08-04,seventh,4,81,81,81
2026-08-04,sixth,1,095,095,95
2026-08-04,sixth,1,025,025,25
2026-08-04,sixth,1,012,012,12
2026-08-04,sixth,1,012,012,12
2026-08-04,sixth,1,515,515,15
2026-08-04,sixth,1,595,595,95
2026-08-04,sixth,1,286,286,86
2026-08-04,sixth,2,943,943,43
2026-08-04,sixth,2,472,472,72
2026-08-04,sixth,2,764,764,64
2026-08-04,sixth,2,034,034,34
2026-08-04,sixth,2,155,155,55
2026-08-04,sixth,2,664,664,64
2026-08-04,sixth,2,858,858,58
2026-08-04,sixth,3,601,601,01
2026-08-04,sixth,3,724,724,24
2026-08-04,sixth,3,261,261,61
2026-08-04,sixth,3,827,827,27
2026-08-04,sixth,3,117,117,17
2026-08-04,sixth,3,809,809,09
2026-08-04,sixth,3,734,734,34
2026-08-04,special,1,51125,51125,25
2026-08-04,special,1,79247,79247,47
2026-08-04,special,1,11909,11909,09
2026-08-04,special,1,44823,44823,23
2026-08-04,special,1,41710,41710,10
2026-08-04,special,1,50834,50834,34
2026-08-04,special,1,39983,39983,83
2026-08-04,third,1,63919,63919,19
2026-08-04,third,1,07775,07775,75
2026-08-04,third,1,50294,50294,94
2026-08-04,third,1,45892,45892,92
2026-08-04,third,1,41368,41368,68
2026-08-04,third,1,61775,61775,75
2026-08-04,third,1,20381,20381,81
2026-08-04,third,2,30115,30115,15
2026-08-04,third,2,51893,51893,93
2026-08-04,third,2,48741,48741,41
2026-08-04,third,2,26457,26457,57
2026-08-04,third,2,90811,90811,11
2026-08-04,third,2,30726,30726,26
2026-08-04,third,2,11934,11934,34
2026-08-04,third,3,92661,92661,61
2026-08-04,third,3,23369,23369,69
2026-08-04,third,3,18207,18207,07
2026-08-04,third,3,00699,00699,99
2026-08-04,third,3,63123,63123,23
2026-08-04,third,3,74821,74821,21
2026-08-04,third,3,68435,68435,35
2026-08-04,third,4,53695,53695,95
2026-08-04,third,4,83969,83969,69
2026-08-04,third,4,84003,84003,03
2026-08-04,third,4,25760,25760,60
2026-08-04,third,4,98424,98424,24
2026-08-04,third,4,58590,58590,90
2026-08-04,third,4,73810,73810,10
2026-08-04,third,5,72467,72467,67
2026-08-04,third,5,97015,97015,15
2026-08-04,third,5,55298,55298,98
2026-08-04,third,5,69254,69254,54
2026-08-04,third,5,67441,67441,41
2026-08-04,third,5,77840,77840,40
2026-08-04,third,5,25691,25691,91
2026-08-04,third,6,06518,06518,18
2026-08-04,third,6,65551,65551,51
2026-08-04,third,6,24833,24833,33
2026-08-04,third,6,52166,52166,66
2026-08-04,third,6,83952,83952,52
2026-08-04,third,6,38587,38587,87
2026-08-04,third,6,01615,01615,15
2026-08-05,fifth,1,3761,3761,61
2026-08-05,fifth,1,4877,4877,77
2026-08-05,fifth,1,7586,7586,86
2026-08-05,fifth,1,3904,3904,04
2026-08-05,fifth,1,5888,5888,88
2026-08-05,fifth,1,0313,0313,13
2026-08-05,fifth,1,1892,1892,92
2026-08-05,fifth,2,6791,6791,91
2026-08-05,fifth,2,0072,0072,72
2026-08-05,fifth,2,6902,6902,02
2026-08-05,fifth,2,3715,3715,15
2026-08-05,fifth,2,1776,1776,76
2026-08-05,fifth,2,1998,1998,98
2026-08-05,fifth,2,5908,5908,08
2026-08-05,fifth,3,8530,8530,30
2026-08-05,fifth,3,0502,0502,02
2026-08-05,fifth,3,0788,0788,88
2026-08-05,fifth,3,4923,4923,23
2026-08-05,fifth,3,7682,7682,82
2026-08-05,fifth,3,4305,4305,05
2026-08-05,fifth,3,8059,8059,59
2026-08-05,fifth,4,3118,3118,18
2026-08-05,fifth,4,7833,7833,33
2026-08-05,fifth,4,8923,8923,23
2026-08-05,fifth,4,1801,1801,01
2026-08-05,fifth,4,2260,2260,60
2026-08-05,fifth,4,5739,5739,39
2026-08-05,fifth,4,9584,9584,84
2026-08-05,fifth,5,8299,8299,99
2026-08-05,fifth,5,5986,5986,86
2026-08-05,fifth,5,8325,8325,25
2026-08-05,fifth,5,7169,7169,69
2026-08-05,fifth,5,2936,2936,36
2026-08-05,fifth,5,5938,5938,38
2026-08-05,fifth,5,1035,1035,35
2026-08-05,fifth,6,7902,7902,02
2026-08-05,fifth,6,6061,6061,61
2026-08-05,fifth,6,9223,9223,23
2026-08-05,fifth,6,9455,9455,55
2026-08-05,fifth,6,9556,9556,56
2026-08-05,fifth,6,7735,7735,35
2026-08-05,fifth,6,8612,8612,12
2026-08-05,first,1,55456,55456,56
2026-08-05,first,1,35862,35862,62
2026-08-05,first,1,27241,27241,41
2026-08-05,first,1,01183,01183,83
2026-08-05,first,1,52597,52597,97
2026-08-05,first,1,16959,16959,59
2026-08-05,first,1,84097,84097,97
2026-08-05,fourth,1,2398,2398,98
2026-08-05,fourth,1,3724,3724,24
2026-08-05,fourth,1,7710,7710,10
2026-08-05,fourth,1,4498,4498,98
2026-08-05,fourth,1,0830,0830,30
2026-08-05,fourth,1,6052,6052,52
2026-08-05,fourth,1,4484,4484,84
2026-08-05,fourth,2,7142,7142,42
2026-08-05,fourth,2,1894,1894,94
2026-08-05,fourth,2,8275,8275,75
2026-08-05,fourth,2,8181,8181,81
2026-08-05,fourth,2,6463,6463,63
2026-08-05,fourth,2,8854,8854,54
2026-08-05,fourth,2,0727,0727,27
2026-08-05,fourth,3,2000,2000,00
2026-08-05,fourth,3,2733,2733,33
2026-08-05,fourth,3,9162,9162,62
2026-08-05,fourth,3,0748,0748,48
2026-08-05,fourth,3,8249,8249,49
2026-08-05,fourth,3,7635,7635,35
2026-08-05,fourth,3,5505,5505,05
2026-08-05,fourth,4,9166,9166,66
2026-08-05,fourth,4,9432,9432,32
2026-08-05,fourth,4,1657,1657,57
2026-08-05,fourth,4,7913,7913,13
2026-08-05,fourth,4,5448,5448,48
2026-08-05,fourth,4,5079,5079,79
2026-08-05,fourth,4,4929,4929,29
2026-08-05,second,1,10476,10476,76
2026-08-05,second,1,96610,96610,10
2026-08-05,second,1,31300,31300,00
2026-08-05,second,1,86638,86638,38
2026-08-05,second,1,36687,36687,87
2026-08-05,second,1,10739,10739,39
2026-08-05,second,1,64819,64819,19
2026-08-05,second,2,91557,91557,57
2026-08-05,second,2,12077,12077,77
2026-08-05,second,2,51792,51792,92
2026-08-05,second,2,28428,28428,28
2026-08-05,second,2,55162,55162,62
2026-08-05,second,2,60924,60924,24
2026-08-05,second,2,62447,62447,47
2026-08-05,seventh,1,75,75,75
2026-08-05,seventh,1,78,78,78
2026-08-05,seventh,1,04,04,04
2026-08-05,seventh,1,52,52,52
2026-08-05,seventh,1,56,56,56
2026-08-05,seventh,1,15,15,15
2026-08-05,seventh,1,06,06,06
2026-08-05,seventh,2,18,18,18
2026-08-05,seventh,2,84,84,84
2026-08-05,seventh,2,63,63,63
2026-08-05,seventh,2,80,80,80
2026-08-05,seventh,2,80,80,80
2026-08-05,seventh,2,90,90,90
2026-08-05,seventh,2,82,82,82
2026-08-05,seventh,3,95,95,95
2026-08-05,seventh,3,44,44,44
2026-08-05,seventh,3,29,29,29
2026-08-05,seventh,3,91,91,91
2026-08-05,seventh,3,52,52,52
2026-08-05,seventh,3,04,04,04
2026-08-05,seventh,3,36,36,36
2026-08-05,seventh,4,83,83,83
2026-08-05,seventh,4,82,82,82
2026-08-05,seventh,4,46,46,46
2026-08-05,seventh,4,54,54,54
2026-08-05,seventh,4,90,90,90
2026-08-05,seventh,4,83,83,83
2026-08-05,seventh,4,90,90,90
2026-08-05,sixth,1,418,418,18
2026-08-05,sixth,1,095,095,95
2026-08-05,sixth,1,025,025,25
2026-08-05,sixth,1,012,012,12
2026-08-05,sixth,1,012,012,12
2026-08-05,sixth,1,515,515,15
2026-08-05,sixth,1,595,595,95
2026-08-05,sixth,2,593,593,93
2026-08-05,sixth,2,943,943,43
2026-08-05,sixth,2,472,472,72
2026-08-05,sixth,2,764,764,64
2026-08-05,sixth,2,034,034,34
2026-08-05,sixth,2,155,155,55
2026-08-05,sixth,2,664,664,64
2026-08-05,sixth,3,705,705,05
2026-08-05,sixth,3,601,601,01
2026-08-05,sixth,3,724,724,24
2026-08-05,sixth,3,261,261,61
2026-08-05,sixth,3,827,827,27
2026-08-05,sixth,3,117,117,17
2026-08-05,sixth,3,809,809,09
2026-08-05,special,1,59760,59760,60
2026-08-05,special,1,51125,51125,25
2026-08-05,special,1,79247,79247,47
2026-08-05,special,1,11909,11909,09
2026-08-05,special,1,44823,44823,23
2026-08-05,special,1,41710,41710,10
2026-08-05,special,1,50834,50834,34
2026-08-05,third,1,32941,32941,41
2026-08-05,third,1,63919,63919,19
2026-08-05,third,1,07775,07775,75
2026-08-05,third,1,50294,50294,94
2026-08-05,third,1,45892,45892,92
2026-08-05,third,1,41368,41368,68
2026-08-05,third,1,61775,61775,75
2026-08-05,third,2,53211,53211,11
2026-08-05,third,2,30115,30115,15
2026-08-05,third,2,51893,51893,93
2026-08-05,third,2,48741,48741,41
2026-08-05,third,2,26457,26457,57
2026-08-05,third,2,90811,90811,11
2026-08-05,third,2,30726,30726,26
2026-08-05,third,3,66869,66869,69
2026-08-05,third,3,92661,92661,61
2026-08-05,third,3,23369,23369,69
2026-08-05,third,3,18207,18207,07
2026-08-05,third,3,00699,00699,99
2026-08-05,third,3,63123,63123,23
2026-08-05,third,3,74821,74821,21
2026-08-05,third,4,11310,11310,10
2026-08-05,third,4,53695,53695,95
2026-08-05,third,4,83969,83969,69
2026-08-05,third,4,84003,84003,03
2026-08-05,third,4,25760,25760,60
2026-08-05,third,4,98424,98424,24
2026-08-05,third,4,58590,58590,90
2026-08-05,third,5,62131,62131,31
2026-08-05,third,5,72467,72467,67
2026-08-05,third,5,97015,97015,15
2026-08-05,third,5,55298,55298,98
2026-08-05,third,5,69254,69254,54
2026-08-05,third,5,67441,67441,41
2026-08-05,third,5,77840,77840,40
2026-08-05,third,6,21652,21652,52
2026-08-05,third,6,06518,06518,18
2026-08-05,third,6,65551,65551,51
2026-08-05,third,6,24833,24833,33
2026-08-05,third,6,52166,52166,66
2026-08-05,third,6,83952,83952,52
2026-08-05,third,6,38587,38587,87
2026-08-06,fifth,1,6318,6318,18
2026-08-06,fifth,1,3761,3761,61
2026-08-06,fifth,1,4877,4877,77
2026-08-06,fifth,1,7586,7586,86
2026-08-06,fifth,1,3904,3904,04
2026-08-06,fifth,1,5888,5888,88
2026-08-06,fifth,1,0313,0313,13
2026-08-06,fifth,2,8204,8204,04
2026-08-06,fifth,2,6791,6791,91
2026-08-06,fifth,2,0072,0072,72
2026-08-06,fifth,2,6902,6902,02
2026-08-06,fifth,2,3715,3715,15
2026-08-06,fifth,2,1776,1776,76
2026-08-06,fifth,2,1998,1998,98
2026-08-06,fifth,3,2751,2751,51
2026-08-06,fifth,3,8530,8530,30
2026-08-06,fifth,3,0502,0502,02
2026-08-06,fifth,3,0788,0788,88
2026-08-06,fifth,3,4923,4923,23
2026-08-06,fifth,3,7682,7682,82
2026-08-06,fifth,3,4305,4305,05
2026-08-06,fifth,4,9801,9801,01
2026-08-06,fifth,4,3118,3118,18
2026-08-06,fifth,4,7833,7833,33
2026-08-06,fifth,4,8923,8923,23
2026-08-06,fifth,4,1801,1801,01
2026-08-06,fifth,4,2260,2260,60
2026-08-06,fifth,4,5739,5739,39
2026-08-06,fifth,5,4706,4706,06
2026-08-06,fifth,5,8299,8299,99
2026-08-06,fifth,5,5986,5986,86
2026-08-06,fifth,5,8325,8325,25
2026-08-06,fifth,5,7169,7169,69
2026-08-06,fifth,5,2936,2936,36
2026-08-06,fifth,5,5938,5938,38
2026-08-06,fifth,6,4350,4350,50
2026-08-06,fifth,6,7902,7902,02
2026-08-06,fifth,6,6061,6061,61
2026-08-06,fifth,6,9223,9223,23
2026-08-06,fifth,6,9455,9455,55
2026-08-06,fifth,6,9556,9556,56
2026-08-06,fifth,6,7735,7735,35
2026-08-06,first,1,68160,68160,60
2026-08-06,first,1,55456,55456,56
2026-08-06,first,1,35862,35862,62
2026-08-06,first,1,27241,27241,41
2026-08-06,first,1,01183,01183,83
2026-08-06,first,1,52597,52597,97
2026-08-06,first,1,16959,16959,59
2026-08-06,fourth,1,2654,2654,54
2026-08-06,fourth,1,2398,2398,98
2026-08-06,fourth,1,3724,3724,24
2026-08-06,fourth,1,7710,7710,10
2026-08-06,fourth,1,4498,4498,98
2026-08-06,fourth,1,0830,0830,30
2026-08-06,fourth,1,6052,6052,52
2026-08-06,fourth,2,6120,6120,20
2026-08-06,fourth,2,7142,7142,42
2026-08-06,fourth,2,1894,1894,94
2026-08-06,fourth,2,8275,8275,75
2026-08-06,fourth,2,8181,8181,81
2026-08-06,fourth,2,6463,6463,63
2026-08-06,fourth,2,8854,8854,54
2026-08-06,fourth,3,9919,9919,19
2026-08-06,fourth,3,2000,2000,00
2026-08-06,fourth,3,2733,2733,33
2026-08-06,fourth,3,9162,9162,62
2026-08-06,fourth,3,0748,0748,48
2026-08-06,fourth,3,8249,8249,49
2026-08-06,fourth,3,7635,7635,35
2026-08-06,fourth,4,3406,3406,06
2026-08-06,fourth,4,9166,9166,66
2026-08-06,fourth,4,9432,9432,32
2026-08-06,fourth,4,1657,1657,57
2026-08-06,fourth,4,7913,7913,13
2026-08-06,fourth,4,5448,5448,48
2026-08-06,fourth,4,5079,5079,79
2026-08-06,second,1,99032,99032,32
2026-08-06,second,1,10476,10476,76
2026-08-06,second,1,96610,96610,10
2026-08-06,second,1,31300,31300,00
2026-08-06,second,1,86638,86638,38
2026-08-06,second,1,36687,36687,87
2026-08-06,second,1,10739,10739,39
2026-08-06,second,2,08931,08931,31
2026-08-06,second,2,91557,91557,57
2026-08-06,second,2,12077,12077,77
2026-08-06,second,2,51792,51792,92
2026-08-06,second,2,28428,28428,28
2026-08-06,second,2,55162,55162,62
2026-08-06,second,2,60924,60924,24
2026-08-06,seventh,1,35,35,35
2026-08-06,seventh,1,75,75,75
2026-08-06,seventh,1,78,78,78
2026-08-06,seventh,1,04,04,04
2026-08-06,seventh,1,52,52,52
2026-08-06,seventh,1,56,56,56
2026-08-06,seventh,1,15,15,15
2026-08-06,seventh,2,69,69,69
2026-08-06,seventh,2,18,18,18
2026-08-06,seventh,2,84,84,84
2026-08-06,seventh,2,63,63,63
2026-08-06,seventh,2,80,80,80
2026-08-06,seventh,2,80,80,80
2026-08-06,seventh,2,90,90,90
2026-08-06,seventh,3,95,95,95
2026-08-06,seventh,3,95,95,95
2026-08-06,seventh,3,44,44,44
2026-08-06,seventh,3,29,29,29
2026-08-06,seventh,3,91,91,91
2026-08-06,seventh,3,52,52,52
2026-08-06,seventh,3,04,04,04
2026-08-06,seventh,4,89,89,89
2026-08-06,seventh,4,83,83,83
2026-08-06,seventh,4,82,82,82
2026-08-06,seventh,4,46,46,46
2026-08-06,seventh,4,54,54,54
2026-08-06,seventh,4,90,90,90
2026-08-06,seventh,4,83,83,83
2026-08-06,sixth,1,113,113,13
2026-08-06,sixth,1,418,418,18
2026-08-06,sixth,1,095,095,95
2026-08-06,sixth,1,025,025,25
2026-08-06,sixth,1,012,012,12
2026-08-06,sixth,1,012,012,12
2026-08-06,sixth,1,515,515,15
2026-08-06,sixth,2,884,884,84
2026-08-06,sixth,2,593,593,93
2026-08-06,sixth,2,943,943,43
2026-08-06,sixth,2,472,472,72
2026-08-06,sixth,2,764,764,64
2026-08-06,sixth,2,034,034,34
2026-08-06,sixth,2,155,155,55
2026-08-06,sixth,3,188,188,88
2026-08-06,sixth,3,705,705,05
2026-08-06,sixth,3,601,601,01
2026-08-06,sixth,3,724,724,24
2026-08-06,sixth,3,261,261,61
2026-08-06,sixth,3,827,827,27
2026-08-06,sixth,3,117,117,17
2026-08-06,special,1,26167,26167,67
2026-08-06,special,1,59760,59760,60
2026-08-06,special,1,51125,51125,25
2026-08-06,special,1,79247,79247,47
2026-08-06,special,1,11909,11909,09
2026-08-06,special,1,44823,44823,23
2026-08-06,special,1,41710,41710,10
2026-08-06,third,1,54651,54651,51
2026-08-06,third,1,32941,32941,41
2026-08-06,third,1,63919,63919,19
2026-08-06,third,1,07775,07775,75
2026-08-06,third,1,50294,50294,94
2026-08-06,third,1,45892,45892,92
2026-08-06,third,1,41368,41368,68
2026-08-06,third,2,94887,94887,87
2026-08-06,third,2,53211,53211,11
2026-08-06,third,2,30115,30115,15
2026-08-06,third,2,51893,51893,93
2026-08-06,third,2,48741,48741,41
2026-08-06,third,2,26457,26457,57
2026-08-06,third,2,90811,90811,11
2026-08-06,third,3,15060,15060,60
2026-08-06,third,3,66869,66869,69
2026-08-06,third,3,92661,92661,61
2026-08-06,third,3,23369,23369,69
2026-08-06,third,3,18207,18207,07
2026-08-06,third,3,00699,00699,99
2026-08-06,third,3,63123,63123,23
2026-08-06,third,4,50406,50406,06
2026-08-06,third,4,11310,11310,10
2026-08-06,third,4,53695,53695,95
2026-08-06,third,4,83969,83969,69
2026-08-06,third,4,84003,84003,03
2026-08-06,third,4,25760,25760,60
2026-08-06,third,4,98424,98424,24
2026-08-06,third,5,53504,53504,04
2026-08-06,third,5,62131,62131,31
2026-08-06,third,5,72467,72467,67
2026-08-06,third,5,97015,97015,15
2026-08-06,third,5,55298,55298,98
2026-08-06,third,5,69254,69254,54
2026-08-06,third,5,67441,67441,41
2026-08-06,third,6,17720,17720,20
2026-08-06,third,6,21652,21652,52
2026-08-06,third,6,06518,06518,18
2026-08-06,third,6,65551,65551,51
2026-08-06,third,6,24833,24833,33
2026-08-06,third,6,52166,52166,66
2026-08-06,third,6,83952,83952,52
2026-08-07,fifth,1,3843,3843,43
2026-08-07,fifth,1,6318,6318,18
2026-08-07,fifth,1,3761,3761,61
2026-08-07,fifth,1,4877,4877,77
2026-08-07,fifth,1,7586,7586,86
2026-08-07,fifth,1,3904,3904,04
2026-08-07,fifth,1,5888,5888,88
2026-08-07,fifth,2,9329,9329,29
2026-08-07,fifth,2,8204,8204,04
2026-08-07,fifth,2,6791,6791,91
2026-08-07,fifth,2,0072,0072,72
2026-08-07,fifth,2,6902,6902,02
2026-08-07,fifth,2,3715,3715,15
2026-08-07,fifth,2,1776,1776,76
2026-08-07,fifth,3,5322,5322,22
2026-08-07,fifth,3,2751,2751,51
2026-08-07,fifth,3,8530,8530,30
2026-08-07,fifth,3,0502,0502,02
2026-08-07,fifth,3,0788,0788,88
2026-08-07,fifth,3,4923,4923,23
2026-08-07,fifth,3,7682,7682,82
2026-08-07,fifth,4,6009,6009,09
2026-08-07,fifth,4,9801,9801,01
2026-08-07,fifth,4,3118,3118,18
2026-08-07,fifth,4,7833,7833,33
2026-08-07,fifth,4,8923,8923,23
2026-08-07,fifth,4,1801,1801,01
2026-08-07,fifth,4,2260,2260,60
2026-08-07,fifth,5,2583,2583,83
2026-08-07,fifth,5,4706,4706,06
2026-08-07,fifth,5,8299,8299,99
2026-08-07,fifth,5,5986,5986,86
2026-08-07,fifth,5,8325,8325,25
2026-08-07,fifth,5,7169,7169,69
2026-08-07,fifth,5,2936,2936,36
2026-08-07,fifth,6,5618,5618,18
2026-08-07,fifth,6,4350,4350,50
2026-08-07,fifth,6,7902,7902,02
2026-08-07,fifth,6,6061,6061,61
2026-08-07,fifth,6,9223,9223,23
2026-08-07,fifth,6,9455,9455,55
2026-08-07,fifth,6,9556,9556,56
2026-08-07,first,1,32689,32689,89
2026-08-07,first,1,68160,68160,60
2026-08-07,first,1,55456,55456,56
2026-08-07,first,1,35862,35862,62
2026-08-07,first,1,27241,27241,41
2026-08-07,first,1,01183,01183,83
2026-08-07,first,1,52597,52597,97
2026-08-07,fourth,1,3018,3018,18
2026-08-07,fourth,1,2654,2654,54
2026-08-07,fourth,1,2398,2398,98
2026-08-07,fourth,1,3724,3724,24
2026-08-07,fourth,1,7710,7710,10
2026-08-07,fourth,1,4498,4498,98
2026-08-07,fourth,1,0830,0830,30
2026-08-07,fourth,2,8277,8277,77
2026-08-07,fourth,2,6120,6120,20
2026-08-07,fourth,2,7142,7142,42
2026-08-07,fourth,2,1894,1894,94
2026-08-07,fourth,2,8275,8275,75
2026-08-07,fourth,2,8181,8181,81
2026-08-07,fourth,2,6463,6463,63
2026-08-07,fourth,3,6586,6586,86
2026-08-07,fourth,3,9919,9919,19
2026-08-07,fourth,3,2000,2000,00
2026-08-07,fourth,3,2733,2733,33
2026-08-07,fourth,3,9162,9162,62
2026-08-07,fourth,3,0748,0748,48
2026-08-07,fourth,3,8249,8249,49
2026-08-07,fourth,4,6556,6556,56
2026-08-07,fourth,4,3406,3406,06
2026-08-07,fourth,4,9166,9166,66
2026-08-07,fourth,4,9432,9432,32
2026-08-07,fourth,4,1657,1657,57
2026-08-07,fourth,4,7913,7913,13
2026-08-07,fourth,4,5448,5448,48
2026-08-07,second,1,34894,34894,94
2026-08-07,second,1,99032,99032,32
2026-08-07,second,1,10476,10476,76
2026-08-07,second,1,96610,96610,10
2026-08-07,second,1,31300,31300,00
2026-08-07,second,1,86638,86638,38
2026-08-07,second,1,36687,36687,87
2026-08-07,second,2,72643,72643,43
2026-08-07,second,2,08931,08931,31
2026-08-07,second,2,91557,91557,57
2026-08-07,second,2,12077,12077,77
2026-08-07,second,2,51792,51792,92
2026-08-07,second,2,28428,28428,28
2026-08-07,second,2,55162,55162,62
2026-08-07,seventh,1,47,47,47
2026-08-07,seventh,1,35,35,35
2026-08-07,seventh,1,75,75,75
2026-08-07,seventh,1,78,78,78
2026-08-07,seventh,1,04,04,04
2026-08-07,seventh,1,52,52,52
2026-08-07,seventh,1,56,56,56
2026-08-07,seventh,2,81,81,81
2026-08-07,seventh,2,69,69,69
2026-08-07,seventh,2,18,18,18
2026-08-07,seventh,2,84,84,84
2026-08-07,seventh,2,63,63,63
2026-08-07,seventh,2,80,80,80
2026-08-07,seventh,2,80,80,80
2026-08-07,seventh,3,44,44,44
2026-08-07,seventh,3,95,95,95
2026-08-07,seventh,3,95,95,95
2026-08-07,seventh,3,44,44,44
2026-08-07,seventh,3,29,29,29
2026-08-07,seventh,3,91,91,91
2026-08-07,seventh,3,52,52,52
2026-08-07,seventh,4,80,80,80
2026-08-07,seventh,4,89,89,89
2026-08-07,seventh,4,83,83,83
2026-08-07,seventh,4,82,82,82
2026-08-07,seventh,4,46,46,46
2026-08-07,seventh,4,54,54,54
2026-08-07,seventh,4,90,90,90
2026-08-07,sixth,1,111,111,11
2026-08-07,sixth,1,113,113,13
2026-08-07,sixth,1,418,418,18
2026-08-07,sixth,1,095,095,95
2026-08-07,sixth,1,025,025,25
2026-08-07,sixth,1,012,012,12
2026-08-07,sixth,1,012,012,12
2026-08-07,sixth,2,742,742,42
2026-08-07,sixth,2,884,884,84
2026-08-07,sixth,2,593,593,93
2026-08-07,sixth,2,943,943,43
2026-08-07,sixth,2,472,472,72
2026-08-07,sixth,2,764,764,64
2026-08-07,sixth,2,034,034,34
2026-08-07,sixth,3,932,932,32
2026-08-07,sixth,3,188,188,88
2026-08-07,sixth,3,705,705,05
2026-08-07,sixth,3,601,601,01
2026-08-07,sixth,3,724,724,24
2026-08-07,sixth,3,261,261,61
2026-08-07,sixth,3,827,827,27
2026-08-07,special,1,16479,16479,79
2026-08-07,special,1,26167,26167,67
2026-08-07,special,1,59760,59760,60
2026-08-07,special,1,51125,51125,25
2026-08-07,special,1,79247,79247,47
2026-08-07,special,1,11909,11909,09
2026-08-07,special,1,44823,44823,23
2026-08-07,third,1,87827,87827,27
2026-08-07,third,1,54651,54651,51
2026-08-07,third,1,32941,32941,41
2026-08-07,third,1,63919,63919,19
2026-08-07,third,1,07775,07775,75
2026-08-07,third,1,50294,50294,94
2026-08-07,third,1,45892,45892,92
2026-08-07,third,2,41746,41746,46
2026-08-07,third,2,94887,94887,87
2026-08-07,third,2,53211,53211,11
2026-08-07,third,2,30115,30115,15
2026-08-07,third,2,51893,51893,93
2026-08-07,third,2,48741,48741,41
2026-08-07,third,2,26457,26457,57
2026-08-07,third,3,91915,91915,15
2026-08-07,third,3,15060,15060,60
2026-08-07,third,3,66869,66869,69
2026-08-07,third,3,92661,92661,61
2026-08-07,third,3,23369,23369,69
2026-08-07,third,3,18207,18207,07
2026-08-07,third,3,00699,00699,99
2026-08-07,third,4,44180,44180,80
2026-08-07,third,4,50406,50406,06
2026-08-07,third,4,11310,11310,10
2026-08-07,third,4,53695,53695,95
2026-08-07,third,4,83969,83969,69
2026-08-07,third,4,84003,84003,03
2026-08-07,third,4,25760,25760,60
2026-08-07,third,5,40642,40642,42
2026-08-07,third,5,53504,53504,04
2026-08-07,third,5,62131,62131,31
2026-08-07,third,5,72467,72467,67
2026-08-07,third,5,97015,97015,15
2026-08-07,third,5,55298,55298,98
2026-08-07,third,5,69254,69254,54
2026-08-07,third,6,80950,80950,50
2026-08-07,third,6,17720,17720,20
2026-08-07,third,6,21652,21652,52
2026-08-07,third,6,06518,06518,18
2026-08-07,third,6,65551,65551,51
2026-08-07,third,6,24833,24833,33
2026-08-07,third,6,52166,52166,66
2026-08-08,fifth,1,7697,7697,97
2026-08-08,fifth,1,3843,3843,43
2026-08-08,fifth,1,6318,6318,18
2026-08-08,fifth,1,3761,3761,61
2026-08-08,fifth,1,4877,4877,77
2026-08-08,fifth,1,7586,7586,86
2026-08-08,fifth,1,3904,3904,04
2026-08-08,fifth,2,3702,3702,02
2026-08-08,fifth,2,9329,9329,29
2026-08-08,fifth,2,8204,8204,04
2026-08-08,fifth,2,6791,6791,91
2026-08-08,fifth,2,0072,0072,72
2026-08-08,fifth,2,6902,6902,02
2026-08-08,fifth,2,3715,3715,15
2026-08-08,fifth,3,1021,1021,21
2026-08-08,fifth,3,5322,5322,22
2026-08-08,fifth,3,2751,2751,51
2026-08-08,fifth,3,8530,8530,30
2026-08-08,fifth,3,0502,0502,02
2026-08-08,fifth,3,0788,0788,88
2026-08-08,fifth,3,4923,4923,23
2026-08-08,fifth,4,7525,7525,25
2026-08-08,fifth,4,6009,6009,09
2026-08-08,fifth,4,9801,9801,01
2026-08-08,fifth,4,3118,3118,18
2026-08-08,fifth,4,7833,7833,33
2026-08-08,fifth,4,8923,8923,23
2026-08-08,fifth,4,1801,1801,01
2026-08-08,fifth,5,7381,7381,81
2026-08-08,fifth,5,2583,2583,83
2026-08-08,fifth,5,4706,4706,06
2026-08-08,fifth,5,8299,8299,99
2026-08-08,fifth,5,5986,5986,86
2026-08-08,fifth,5,8325,8325,25
2026-08-08,fifth,5,7169,7169,69
2026-08-08,fifth,6,9202,9202,02
2026-08-08,fifth,6,5618,5618,18
2026-08-08,fifth,6,4350,4350,50
2026-08-08,fifth,6,7902,7902,02
2026-08-08,fifth,6,6061,6061,61
2026-08-08,fifth,6,9223,9223,23
2026-08-08,fifth,6,9455,9455,55
2026-08-08,first,1,34327,34327,27
2026-08-08,first,1,32689,32689,89
2026-08-08,first,1,68160,68160,60
2026-08-08,first,1,55456,55456,56
2026-08-08,first,1,35862,35862,62
2026-08-08,first,1,27241,27241,41
2026-08-08,first,1,01183,01183,83
2026-08-08,fourth,1,6850,6850,50
2026-08-08,fourth,1,3018,3018,18
2026-08-08,fourth,1,2654,2654,54
2026-08-08,fourth,1,2398,2398,98
2026-08-08,fourth,1,3724,3724,24
2026-08-08,fourth,1,7710,7710,10
2026-08-08,fourth,1,4498,4498,98
2026-08-08,fourth,2,1862,1862,62
2026-08-08,fourth,2,8277,8277,77
2026-08-08,fourth,2,6120,6120,20
2026-08-08,fourth,2,7142,7142,42
2026-08-08,fourth,2,1894,1894,94
2026-08-08,fourth,2,8275,8275,75
2026-08-08,fourth,2,8181,8181,81
2026-08-08,fourth,3,2384,2384,84
2026-08-08,fourth,3,6586,6586,86
2026-08-08,fourth,3,9919,9919,19
2026-08-08,fourth,3,2000,2000,00
2026-08-08,fourth,3,2733,2733,33
2026-08-08,fourth,3,9162,9162,62
2026-08-08,fourth,3,0748,0748,48
2026-08-08,fourth,4,0446,0446,46
2026-08-08,fourth,4,6556,6556,56
2026-08-08,fourth,4,3406,3406,06
2026-08-08,fourth,4,9166,9166,66
2026-08-08,fourth,4,9432,9432,32
2026-08-08,fourth,4,1657,1657,57
2026-08-08,fourth,4,7913,7913,13
2026-08-08,second,1,61556,61556,56
2026-08-08,second,1,34894,34894,94
2026-08-08,second,1,99032,99032,32
2026-08-08,second,1,10476,10476,76
2026-08-08,second,1,96610,96610,10
2026-08-08,second,1,31300,31300,00
2026-08-08,second,1,86638,86638,38
2026-08-08,second,2,81119,81119,19
2026-08-08,second,2,72643,72643,43
2026-08-08,second,2,08931,08931,31
2026-08-08,second,2,91557,91557,57
2026-08-08,second,2,12077,12077,77
2026-08-08,second,2,51792,51792,92
2026-08-08,second,2,28428,28428,28
2026-08-08,seventh,1,90,90,90
2026-08-08,seventh,1,47,47,47
2026-08-08,seventh,1,35,35,35
2026-08-08,seventh,1,75,75,75
2026-08-08,seventh,1,78,78,78
2026-08-08,seventh,1,04,04,04
2026-08-08,seventh,1,52,52,52
2026-08-08,seventh,2,78,78,78
2026-08-08,seventh,2,81,81,81
2026-08-08,seventh,2,69,69,69
2026-08-08,seventh,2,18,18,18
2026-08-08,seventh,2,84,84,84
2026-08-08,seventh,2,63,63,63
2026-08-08,seventh,2,80,80,80
2026-08-08,seventh,3,80,80,80
2026-08-08,seventh,3,44,44,44
2026-08-08,seventh,3,95,95,95
2026-08-08,seventh,3,95,95,95
2026-08-08,seventh,3,44,44,44
2026-08-08,seventh,3,29,29,29
2026-08-08,seventh,3,91,91,91
2026-08-08,seventh,4,95,95,95
2026-08-08,seventh,4,80,80,80
2026-08-08,seventh,4,89,89,89
2026-08-08,seventh,4,83,83,83
2026-08-08,seventh,4,82,82,82
2026-08-08,seventh,4,46,46,46
2026-08-08,seventh,4,54,54,54
2026-08-08,sixth,1,432,432,32
2026-08-08,sixth,1,111,111,11
2026-08-08,sixth,1,113,113,13
2026-08-08,sixth,1,418,418,18
2026-08-08,sixth,1,095,095,95
2026-08-08,sixth,1,025,025,25
2026-08-08,sixth,1,012,012,12
2026-08-08,sixth,2,542,542,42
2026-08-08,sixth,2,742,742,42
2026-08-08,sixth,2,884,884,84
2026-08-08,sixth,2,593,593,93
2026-08-08,sixth,2,943,943,43
2026-08-08,sixth,2,472,472,72
2026-08-08,sixth,2,764,764,64
2026-08-08,sixth,3,417,417,17
2026-08-08,sixth,3,932,932,32
2026-08-08,sixth,3,188,188,88
2026-08-08,sixth,3,705,705,05
2026-08-08,sixth,3,601,601,01
2026-08-08,sixth,3,724,724,24
2026-08-08,sixth,3,261,261,61
2026-08-08,special,1,04922,04922,22
2026-08-08,special,1,16479,16479,79
2026-08-08,special,1,26167,26167,67
2026-08-08,special,1,59760,59760,60
2026-08-08,special,1,51125,51125,25
2026-08-08,special,1,79247,79247,47
2026-08-08,special,1,11909,11909,09
2026-08-08,third,1,58618,58618,18
2026-08-08,third,1,87827,87827,27
2026-08-08,third,1,54651,54651,51
2026-08-08,third,1,32941,32941,41
2026-08-08,third,1,63919,63919,19
2026-08-08,third,1,07775,07775,75
2026-08-08,third,1,50294,50294,94
2026-08-08,third,2,84963,84963,63
2026-08-08,third,2,41746,41746,46
2026-08-08,third,2,94887,94887,87
2026-08-08,third,2,53211,53211,11
2026-08-08,third,2,30115,30115,15
2026-08-08,third,2,51893,51893,93
2026-08-08,third,2,48741,48741,41
2026-08-08,third,3,59121,59121,21
2026-08-08,third,3,91915,91915,15
2026-08-08,third,3,15060,15060,60
2026-08-08,third,3,66869,66869,69
2026-08-08,third,3,92661,92661,61
2026-08-08,third,3,23369,23369,69
2026-08-08,third,3,18207,18207,07
2026-08-08,third,4,18200,18200,00
2026-08-08,third,4,44180,44180,80
2026-08-08,third,4,50406,50406,06
2026-08-08,third,4,11310,11310,10
2026-08-08,third,4,53695,53695,95
2026-08-08,third,4,83969,83969,69
2026-08-08,third,4,84003,84003,03
2026-08-08,third,5,50273,50273,73
2026-08-08,third,5,40642,40642,42
2026-08-08,third,5,53504,53504,04
2026-08-08,third,5,62131,62131,31
2026-08-08,third,5,72467,72467,67
2026-08-08,third,5,97015,97015,15
2026-08-08,third,5,55298,55298,98
2026-08-08,third,6,26811,26811,11
2026-08-08,third,6,80950,80950,50
2026-08-08,third,6,17720,17720,20
2026-08-08,third,6,21652,21652,52
2026-08-08,third,6,06518,06518,18
2026-08-08,third,6,65551,65551,51
2026-08-08,third,6,24833,24833,33
2026-08-09,fifth,1,3379,3379,79
2026-08-09,fifth,1,7697,7697,97
2026-08-09,fifth,1,3843,3843,43
2026-08-09,fifth,1,6318,6318,18
2026-08-09,fifth,1,3761,3761,61
2026-08-09,fifth,1,4877,4877,77
2026-08-09,fifth,1,7586,7586,86
2026-08-09,fifth,2,6567,6567,67
2026-08-09,fifth,2,3702,3702,02
2026-08-09,fifth,2,9329,9329,29
2026-08-09,fifth,2,8204,8204,04
2026-08-09,fifth,2,6791,6791,91
2026-08-09,fifth,2,0072,0072,72
2026-08-09,fifth,2,6902,6902,02
2026-08-09,fifth,3,7893,7893,93
2026-08-09,fifth,3,1021,1021,21
2026-08-09,fifth,3,5322,5322,22
2026-08-09,fifth,3,2751,2751,51
2026-08-09,fifth,3,8530,8530,30
2026-08-09,fifth,3,0502,0502,02
2026-08-09,fifth,3,0788,0788,88
2026-08-09,fifth,4,5442,5442,42
2026-08-09,fifth,4,7525,7525,25
2026-08-09,fifth,4,6009,6009,09
2026-08-09,fifth,4,9801,9801,01
2026-08-09,fifth,4,3118,3118,18
2026-08-09,fifth,4,7833,7833,33
2026-08-09,fifth,4,8923,8923,23
2026-08-09,fifth,5,1310,1310,10
2026-08-09,fifth,5,7381,7381,81
2026-08-09,fifth,5,2583,2583,83
2026-08-09,fifth,5,4706,4706,06
2026-08-09,fifth,5,8299,8299,99
2026-08-09,fifth,5,5986,5986,86
2026-08-09,fifth,5,8325,8325,25
2026-08-09,fifth,6,1473,1473,73
2026-08-09,fifth,6,9202,9202,02
2026-08-09,fifth,6,5618,5618,18
2026-08-09,fifth,6,4350,4350,50
2026-08-09,fifth,6,7902,7902,02
2026-08-09,fifth,6,6061,6061,61
2026-08-09,fifth,6,9223,9223,23
2026-08-09,first,1,33704,33704,04
2026-08-09,first,1,34327,34327,27
2026-08-09,first,1,32689,32689,89
2026-08-09,first,1,68160,68160,60
2026-08-09,first,1,55456,55456,56
2026-08-09,first,1,35862,35862,62
2026-08-09,first,1,27241,27241,41
2026-08-09,fourth,1,4316,4316,16
2026-08-09,fourth,1,6850,6850,50
2026-08-09,fourth,1,3018,3018,18
2026-08-09,fourth,1,2654,2654,54
2026-08-09,fourth,1,2398,2398,98
2026-08-09,fourth,1,3724,3724,24
2026-08-09,fourth,1,7710,7710,10
2026-08-09,fourth,2,0742,0742,42
2026-08-09,fourth,2,1862,1862,62
2026-08-09,fourth,2,8277,8277,77
2026-08-09,fourth,2,6120,6120,20
2026-08-09,fourth,2,7142,7142,42
2026-08-09,fourth,2,1894,1894,94
2026-08-09,fourth,2,8275,8275,75
2026-08-09,fourth,3,8961,8961,61
2026-08-09,fourth,3,2384,2384,84
2026-08-09,fourth,3,6586,6586,86
2026-08-09,fourth,3,9919,9919,19
2026-08-09,fourth,3,2000,2000,00
2026-08-09,fourth,3,2733,2733,33
2026-08-09,fourth,3,9162,9162,62
2026-08-09,fourth,4,8299,8299,99
2026-08-09,fourth,4,0446,0446,46
2026-08-09,fourth,4,6556,6556,56
2026-08-09,fourth,4,3406,3406,06
2026-08-09,fourth,4,9166,9166,66
2026-08-09,fourth,4,9432,9432,32
2026-08-09,fourth,4,1657,1657,57
2026-08-09,second,1,95134,95134,34
2026-08-09,second,1,61556,61556,56
2026-08-09,second,1,34894,34894,94
2026-08-09,second,1,99032,99032,32
2026-08-09,second,1,10476,10476,76
2026-08-09,second,1,96610,96610,10
2026-08-09,second,1,31300,31300,00
2026-08-09,second,2,17327,17327,27
2026-08-09,second,2,81119,81119,19
2026-08-09,second,2,72643,72643,43
2026-08-09,second,2,08931,08931,31
2026-08-09,second,2,91557,91557,57
2026-08-09,second,2,12077,12077,77
2026-08-09,second,2,51792,51792,92
2026-08-09,seventh,1,21,21,21
2026-08-09,seventh,1,90,90,90
2026-08-09,seventh,1,47,47,47
2026-08-09,seventh,1,35,35,35
2026-08-09,seventh,1,75,75,75
2026-08-09,seventh,1,78,78,78
2026-08-09,seventh,1,04,04,04
2026-08-09,seventh,2,77,77,77
2026-08-09,seventh,2,78,78,78
2026-08-09,seventh,2,81,81,81
2026-08-09,seventh,2,69,69,69
2026-08-09,seventh,2,18,18,18
2026-08-09,seventh,2,84,84,84
2026-08-09,seventh,2,63,63,63
2026-08-09,seventh,3,29,29,29
2026-08-09,seventh,3,80,80,80
2026-08-09,seventh,3,44,44,44
2026-08-09,seventh,3,95,95,95
2026-08-09,seventh,3,95,95,95
2026-08-09,seventh,3,44,44,44
2026-08-09,seventh,3,29,29,29
2026-08-09,seventh,4,97,97,97
2026-08-09,seventh,4,95,95,95
2026-08-09,seventh,4,80,80,80
2026-08-09,seventh,4,89,89,89
2026-08-09,seventh,4,83,83,83
2026-08-09,seventh,4,82,82,82
2026-08-09,seventh,4,46,46,46
2026-08-09,sixth,1,468,468,68
2026-08-09,sixth,1,432,432,32
2026-08-09,sixth,1,111,111,11
2026-08-09,sixth,1,113,113,13
2026-08-09,sixth,1,418,418,18
2026-08-09,sixth,1,095,095,95
2026-08-09,sixth,1,025,025,25
2026-08-09,sixth,2,841,841,41
2026-08-09,sixth,2,542,542,42
2026-08-09,sixth,2,742,742,42
2026-08-09,sixth,2,884,884,84
2026-08-09,sixth,2,593,593,93
2026-08-09,sixth,2,943,943,43
2026-08-09,sixth,2,472,472,72
2026-08-09,sixth,3,949,949,49
2026-08-09,sixth,3,417,417,17
2026-08-09,sixth,3,932,932,32
2026-08-09,sixth,3,188,188,88
2026-08-09,sixth,3,705,705,05
2026-08-09,sixth,3,601,601,01
2026-08-09,sixth,3,724,724,24
2026-08-09,special,1,12221,12221,21
2026-08-09,special,1,04922,04922,22
2026-08-09,special,1,16479,16479,79
2026-08-09,special,1,26167,26167,67
2026-08-09,special,1,59760,59760,60
2026-08-09,special,1,51125,51125,25
2026-08-09,special,1,79247,79247,47
2026-08-09,third,1,04217,04217,17
2026-08-09,third,1,58618,58618,18
2026-08-09,third,1,87827,87827,27
2026-08-09,third,1,54651,54651,51
2026-08-09,third,1,32941,32941,41
2026-08-09,third,1,63919,63919,19
2026-08-09,third,1,07775,07775,75
2026-08-09,third,2,82286,82286,86
2026-08-09,third,2,84963,84963,63
2026-08-09,third,2,41746,41746,46
2026-08-09,third,2,94887,94887,87
2026-08-09,third,2,53211,53211,11
2026-08-09,third,2,30115,30115,15
2026-08-09,third,2,51893,51893,93
2026-08-09,third,3,56322,56322,22
2026-08-09,third,3,59121,59121,21
2026-08-09,third,3,91915,91915,15
2026-08-09,third,3,15060,15060,60
2026-08-09,third,3,66869,66869,69
2026-08-09,third,3,92661,92661,61
2026-08-09,third,3,23369,23369,69
2026-08-09,third,4,52512,52512,12
2026-08-09,third,4,18200,18200,00
2026-08-09,third,4,44180,44180,80
2026-08-09,third,4,50406,50406,06
2026-08-09,third,4,11310,11310,10
2026-08-09,third,4,53695,53695,95
2026-08-09,third,4,83969,83969,69
2026-08-09,third,5,96314,96314,14
2026-08-09,third,5,50273,50273,73
2026-08-09,third,5,40642,40642,42
2026-08-09,third,5,53504,53504,04
2026-08-09,third,5,62131,62131,31
2026-08-09,third,5,72467,72467,67
2026-08-09,third,5,97015,97015,15
2026-08-09,third,6,32250,32250,50
2026-08-09,third,6,26811,26811,11
2026-08-09,third,6,80950,80950,50
2026-08-09,third,6,17720,17720,20
2026-08-09,third,6,21652,21652,52
2026-08-09,third,6,06518,06518,18
2026-08-09,third,6,65551,65551,51
2026-08-10,fifth,1,0704,0704,04
2026-08-10,fifth,1,3379,3379,79
2026-08-10,fifth,1,7697,7697,97
2026-08-10,fifth,1,3843,3843,43
2026-08-10,fifth,1,6318,6318,18
2026-08-10,fifth,1,3761,3761,61
2026-08-10,fifth,1,4877,4877,77
2026-08-10,fifth,2,6495,6495,95
2026-08-10,fifth,2,6567,6567,67
2026-08-10,fifth,2,3702,3702,02
2026-08-10,fifth,2,9329,9329,29
2026-08-10,fifth,2,8204,8204,04
2026-08-10,fifth,2,6791,6791,91
2026-08-10,fifth,2,0072,0072,72
2026-08-10,fifth,3,2417,2417,17
2026-08-10,fifth,3,7893,7893,93
2026-08-10,fifth,3,1021,1021,21
2026-08-10,fifth,3,5322,5322,22
2026-08-10,fifth,3,2751,2751,51
2026-08-10,fifth,3,8530,8530,30
2026-08-10,fifth,3,0502,0502,02
2026-08-10,fifth,4,8189,8189,89
2026-08-10,fifth,4,5442,5442,42
2026-08-10,fifth,4,7525,7525,25
2026-08-10,fifth,4,6009,6009,09
2026-08-10,fifth,4,9801,9801,01
2026-08-10,fifth,4,3118,3118,18
2026-08-10,fifth,4,7833,7833,33
2026-08-10,fifth,5,3332,3332,32
2026-08-10,fifth,5,1310,1310,10
2026-08-10,fifth,5,7381,7381,81
2026-08-10,fifth,5,2583,2583,83
2026-08-10,fifth,5,4706,4706,06
2026-08-10,fifth,5,8299,8299,99
2026-08-10,fifth,5,5986,5986,86
2026-08-10,fifth,6,6578,6578,78
2026-08-10,fifth,6,1473,1473,73
2026-08-10,fifth,6,9202,9202,02
2026-08-10,fifth,6,5618,5618,18
2026-08-10,fifth,6,4350,4350,50
2026-08-10,fifth,6,7902,7902,02
2026-08-10,fifth,6,6061,6061,61
2026-08-10,first,1,02550,02550,50
2026-08-10,first,1,33704,33704,04
2026-08-10,first,1,34327,34327,27
2026-08-10,first,1,32689,32689,89
2026-08-10,first,1,68160,68160,60
2026-08-10,first,1,55456,55456,56
2026-08-10,first,1,35862,35862,62
2026-08-10,fourth,1,7064,7064,64
2026-08-10,fourth,1,4316,4316,16
2026-08-10,fourth,1,6850,6850,50
2026-08-10,fourth,1,3018,3018,18
2026-08-10,fourth,1,2654,2654,54
2026-08-10,fourth,1,2398,2398,98
2026-08-10,fourth,1,3724,3724,24
2026-08-10,fourth,2,3517,3517,17
2026-08-10,fourth,2,0742,0742,42
2026-08-10,fourth,2,1862,1862,62
2026-08-10,fourth,2,8277,8277,77
2026-08-10,fourth,2,6120,6120,20
2026-08-10,fourth,2,7142,7142,42
2026-08-10,fourth,2,1894,1894,94
2026-08-10,fourth,3,7483,7483,83
2026-08-10,fourth,3,8961,8961,61
2026-08-10,fourth,3,2384,2384,84
2026-08-10,fourth,3,6586,6586,86
2026-08-10,fourth,3,9919,9919,19
2026-08-10,fourth,3,2000,2000,00
2026-08-10,fourth,3,2733,2733,33
2026-08-10,fourth,4,6163,6163,63
2026-08-10,fourth,4,8299,8299,99
2026-08-10,fourth,4,0446,0446,46
2026-08-10,fourth,4,6556,6556,56
2026-08-10,fourth,4,3406,3406,06
2026-08-10,fourth,4,9166,9166,66
2026-08-10,fourth,4,9432,9432,32
2026-08-10,second,1,25817,25817,17
2026-08-10,second,1,95134,95134,34
2026-08-10,second,1,61556,61556,56
2026-08-10,second,1,34894,34894,94
2026-08-10,second,1,99032,99032,32
2026-08-10,second,1,10476,10476,76
2026-08-10,second,1,96610,96610,10
2026-08-10,second,2,57031,57031,31
2026-08-10,second,2,17327,17327,27
2026-08-10,second,2,81119,81119,19
2026-08-10,second,2,72643,72643,43
2026-08-10,second,2,08931,08931,31
2026-08-10,second,2,91557,91557,57
2026-08-10,second,2,12077,12077,77
2026-08-10,seventh,1,95,95,95
2026-08-10,seventh,1,21,21,21
2026-08-10,seventh,1,90,90,90
2026-08-10,seventh,1,47,47,47
2026-08-10,seventh,1,35,35,35
2026-08-10,seventh,1,75,75,75
2026-08-10,seventh,1,78,78,78
2026-08-10,seventh,2,02,02,02
2026-08-10,seventh,2,77,77,77
2026-08-10,seventh,2,78,78,78
2026-08-10,seventh,2,81,81,81
2026-08-10,seventh,2,69,69,69
2026-08-10,seventh,2,18,18,18
2026-08-10,seventh,2,84,84,84
2026-08-10,seventh,3,84,84,84
2026-08-10,seventh,3,29,29,29
2026-08-10,seventh,3,80,80,80
2026-08-10,seventh,3,44,44,44
2026-08-10,seventh,3,95,95,95
2026-08-10,seventh,3,95,95,95
2026-08-10,seventh,3,44,44,44
2026-08-10,seventh,4,06,06,06
2026-08-10,seventh,4,97,97,97
2026-08-10,seventh,4,95,95,95
2026-08-10,seventh,4,80,80,80
2026-08-10,seventh,4,89,89,89
2026-08-10,seventh,4,83,83,83
2026-08-10,seventh,4,82,82,82
2026-08-10,sixth,1,031,031,31
2026-08-10,sixth,1,468,468,68
2026-08-10,sixth,1,432,432,32
2026-08-10,sixth,1,111,111,11
2026-08-10,sixth,1,113,113,13
2026-08-10,sixth,1,418,418,18
2026-08-10,sixth,1,095,095,95
2026-08-10,sixth,2,622,622,22
2026-08-10,sixth,2,841,841,41
2026-08-10,sixth,2,542,542,42
2026-08-10,sixth,2,742,742,42
2026-08-10,sixth,2,884,884,84
2026-08-10,sixth,2,593,593,93
2026-08-10,sixth,2,943,943,43
2026-08-10,sixth,3,103,103,03
2026-08-10,sixth,3,949,949,49
2026-08-10,sixth,3,417,417,17
2026-08-10,sixth,3,932,932,32
2026-08-10,sixth,3,188,188,88
2026-08-10,sixth,3,705,705,05
2026-08-10,sixth,3,601,601,01
2026-08-10,special,1,92957,92957,57
2026-08-10,special,1,12221,12221,21
2026-08-10,special,1,04922,04922,22
2026-08-10,special,1,16479,16479,79
2026-08-10,special,1,26167,26167,67
2026-08-10,special,1,59760,59760,60
2026-08-10,special,1,51125,51125,25
2026-08-10,third,1,09593,09593,93
2026-08-10,third,1,04217,04217,17
2026-08-10,third,1,58618,58618,18
2026-08-10,third,1,87827,87827,27
2026-08-10,third,1,54651,54651,51
2026-08-10,third,1,32941,32941,41
2026-08-10,third,1,63919,63919,19
2026-08-10,third,2,15853,15853,53
2026-08-10,third,2,82286,82286,86
2026-08-10,third,2,84963,84963,63
2026-08-10,third,2,41746,41746,46
2026-08-10,third,2,94887,94887,87
2026-08-10,third,2,53211,53211,11
2026-08-10,third,2,30115,30115,15
2026-08-10,third,3,94852,94852,52
2026-08-10,third,3,56322,56322,22
2026-08-10,third,3,59121,59121,21
2026-08-10,third,3,91915,91915,15
2026-08-10,third,3,15060,15060,60
2026-08-10,third,3,66869,66869,69
2026-08-10,third,3,92661,92661,61
2026-08-10,third,4,74634,74634,34
2026-08-10,third,4,52512,52512,12
2026-08-10,third,4,18200,18200,00
2026-08-10,third,4,44180,44180,80
2026-08-10,third,4,50406,50406,06
2026-08-10,third,4,11310,11310,10
2026-08-10,third,4,53695,53695,95
2026-08-10,third,5,30314,30314,14
2026-08-10,third,5,96314,96314,14
2026-08-10,third,5,50273,50273,73
2026-08-10,third,5,40642,40642,42
2026-08-10,third,5,53504,53504,04
2026-08-10,third,5,62131,62131,31
2026-08-10,third,5,72467,72467,67
2026-08-10,third,6,33169,33169,69
2026-08-10,third,6,32250,32250,50
2026-08-10,third,6,26811,26811,11
2026-08-10,third,6,80950,80950,50
2026-08-10,third,6,17720,17720,20
2026-08-10,third,6,21652,21652,52
2026-08-10,third,6,06518,06518,18
2026-08-11,fifth,1,3220,3220,20
2026-08-11,fifth,1,0704,0704,04
2026-08-11,fifth,1,3379,3379,79
2026-08-11,fifth,1,7697,7697,97
2026-08-11,fifth,1,3843,3843,43
2026-08-11,fifth,1,6318,6318,18
2026-08-11,fifth,1,3761,3761,61
2026-08-11,fifth,2,3169,3169,69
2026-08-11,fifth,2,6495,6495,95
2026-08-11,fifth,2,6567,6567,67
2026-08-11,fifth,2,3702,3702,02
2026-08-11,fifth,2,9329,9329,29
2026-08-11,fifth,2,8204,8204,04
2026-08-11,fifth,2,6791,6791,91
2026-08-11,fifth,3,8526,8526,26
2026-08-11,fifth,3,2417,2417,17
2026-08-11,fifth,3,7893,7893,93
2026-08-11,fifth,3,1021,1021,21
2026-08-11,fifth,3,5322,5322,22
2026-08-11,fifth,3,2751,2751,51
2026-08-11,fifth,3,8530,8530,30
2026-08-11,fifth,4,0486,0486,86
2026-08-11,fifth,4,8189,8189,89
2026-08-11,fifth,4,5442,5442,42
2026-08-11,fifth,4,7525,7525,25
2026-08-11,fifth,4,6009,6009,09
2026-08-11,fifth,4,9801,9801,01
2026-08-11,fifth,4,3118,3118,18
2026-08-11,fifth,5,7849,7849,49
2026-08-11,fifth,5,3332,3332,32
2026-08-11,fifth,5,1310,1310,10
2026-08-11,fifth,5,7381,7381,81
2026-08-11,fifth,5,2583,2583,83
2026-08-11,fifth,5,4706,4706,06
2026-08-11,fifth,5,8299,8299,99
2026-08-11,fifth,6,4836,4836,36
2026-08-11,fifth,6,6578,6578,78
2026-08-11,fifth,6,1473,1473,73
2026-08-11,fifth,6,9202,9202,02
2026-08-11,fifth,6,5618,5618,18
2026-08-11,fifth,6,4350,4350,50
2026-08-11,fifth,6,7902,7902,02
2026-08-11,first,1,64720,64720,20
2026-08-11,first,1,02550,02550,50
2026-08-11,first,1,33704,33704,04
2026-08-11,first,1,34327,34327,27
2026-08-11,first,1,32689,32689,89
2026-08-11,first,1,68160,68160,60
2026-08-11,first,1,55456,55456,56
2026-08-11,fourth,1,1196,1196,96
2026-08-11,fourth,1,7064,7064,64
2026-08-11,fourth,1,4316,4316,16
2026-08-11,fourth,1,6850,6850,50
2026-08-11,fourth,1,3018,3018,18
2026-08-11,fourth,1,2654,2654,54
2026-08-11,fourth,1,2398,2398,98
2026-08-11,fourth,2,9596,9596,96
2026-08-11,fourth,2,3517,3517,17
2026-08-11,fourth,2,0742,0742,42
2026-08-11,fourth,2,1862,1862,62
2026-08-11,fourth,2,8277,8277,77
2026-08-11,fourth,2,6120,6120,20
2026-08-11,fourth,2,7142,7142,42
2026-08-11,fourth,3,6005,6005,05
2026-08-11,fourth,3,7483,7483,83
2026-08-11,fourth,3,8961,8961,61
2026-08-11,fourth,3,2384,2384,84
2026-08-11,fourth,3,6586,6586,86
2026-08-11,fourth,3,9919,9919,19
2026-08-11,fourth,3,2000,2000,00
2026-08-11,fourth,4,0872,0872,72
2026-08-11,fourth,4,6163,6163,63
2026-08-11,fourth,4,8299,8299,99
2026-08-11,fourth,4,0446,0446,46
2026-08-11,fourth,4,6556,6556,56
2026-08-11,fourth,4,3406,3406,06
2026-08-11,fourth,4,9166,9166,66
2026-08-11,second,1,08936,08936,36
2026-08-11,second,1,25817,25817,17
2026-08-11,second,1,95134,95134,34
2026-08-11,second,1,61556,61556,56
2026-08-11,second,1,34894,34894,94
2026-08-11,second,1,99032,99032,32
2026-08-11,second,1,10476,10476,76
2026-08-11,second,2,35676,35676,76
2026-08-11,second,2,57031,57031,31
2026-08-11,second,2,17327,17327,27
2026-08-11,second,2,81119,81119,19
2026-08-11,second,2,72643,72643,43
2026-08-11,second,2,08931,08931,31
2026-08-11,second,2,91557,91557,57
2026-08-11,seventh,1,22,22,22
2026-08-11,seventh,1,95,95,95
2026-08-11,seventh,1,21,21,21
2026-08-11,seventh,1,90,90,90
2026-08-11,seventh,1,47,47,47
2026-08-11,seventh,1,35,35,35
2026-08-11,seventh,1,75,75,75
2026-08-11,seventh,2,92,92,92
2026-08-11,seventh,2,02,02,02
2026-08-11,seventh,2,77,77,77
2026-08-11,seventh,2,78,78,78
2026-08-11,seventh,2,81,81,81
2026-08-11,seventh,2,69,69,69
2026-08-11,seventh,2,18,18,18
2026-08-11,seventh,3,40,40,40
2026-08-11,seventh,3,84,84,84
2026-08-11,seventh,3,29,29,29
2026-08-11,seventh,3,80,80,80
2026-08-11,seventh,3,44,44,44
2026-08-11,seventh,3,95,95,95
2026-08-11,seventh,3,95,95,95
2026-08-11,seventh,4,00,00,00
2026-08-11,seventh,4,06,06,06
2026-08-11,seventh,4,97,97,97
2026-08-11,seventh,4,95,95,95
2026-08-11,seventh,4,80,80,80
2026-08-11,seventh,4,89,89,89
2026-08-11,seventh,4,83,83,83
2026-08-11,sixth,1,982,982,82
2026-08-11,sixth,1,031,031,31
2026-08-11,sixth,1,468,468,68
2026-08-11,sixth,1,432,432,32
2026-08-11,sixth,1,111,111,11
2026-08-11,sixth,1,113,113,13
2026-08-11,sixth,1,418,418,18
2026-08-11,sixth,2,824,824,24
2026-08-11,sixth,2,622,622,22
2026-08-11,sixth,2,841,841,41
2026-08-11,sixth,2,542,542,42
2026-08-11,sixth,2,742,742,42
2026-08-11,sixth,2,884,884,84
2026-08-11,sixth,2,593,593,93
2026-08-11,sixth,3,787,787,87
2026-08-11,sixth,3,103,103,03
2026-08-11,sixth,3,949,949,49
2026-08-11,sixth,3,417,417,17
2026-08-11,sixth,3,932,932,32
2026-08-11,sixth,3,188,188,88
2026-08-11,sixth,3,705,705,05
2026-08-11,special,1,92191,92191,91
2026-08-11,special,1,92957,92957,57
2026-08-11,special,1,12221,12221,21
2026-08-11,special,1,04922,04922,22
2026-08-11,special,1,16479,16479,79
2026-08-11,special,1,26167,26167,67
2026-08-11,special,1,59760,59760,60
2026-08-11,third,1,58345,58345,45
2026-08-11,third,1,09593,09593,93
2026-08-11,third,1,04217,04217,17
2026-08-11,third,1,58618,58618,18
2026-08-11,third,1,87827,87827,27
2026-08-11,third,1,54651,54651,51
2026-08-11,third,1,32941,32941,41
2026-08-11,third,2,86863,86863,63
2026-08-11,third,2,15853,15853,53
2026-08-11,third,2,82286,82286,86
2026-08-11,third,2,84963,84963,63
2026-08-11,third,2,41746,41746,46
2026-08-11,third,2,94887,94887,87
2026-08-11,third,2,53211,53211,11
2026-08-11,third,3,36851,36851,51
2026-08-11,third,3,94852,94852,52
2026-08-11,third,3,56322,56322,22
2026-08-11,third,3,59121,59121,21
2026-08-11,third,3,91915,91915,15
2026-08-11,third,3,15060,15060,60
2026-08-11,third,3,66869,66869,69
2026-08-11,third,4,91550,91550,50
2026-08-11,third,4,74634,74634,34
2026-08-11,third,4,52512,52512,12
2026-08-11,third,4,18200,18200,00
2026-08-11,third,4,44180,44180,80
2026-08-11,third,4,50406,50406,06
2026-08-11,third,4,11310,11310,10
2026-08-11,third,5,59891,59891,91
2026-08-11,third,5,30314,30314,14
2026-08-11,third,5,96314,96314,14
2026-08-11,third,5,50273,50273,73
2026-08-11,third,5,40642,40642,42
2026-08-11,third,5,53504,53504,04
2026-08-11,third,5,62131,62131,31
2026-08-11,third,6,01824,01824,24
2026-08-11,third,6,33169,33169,69
2026-08-11,third,6,32250,32250,50
2026-08-11,third,6,26811,26811,11
2026-08-11,third,6,80950,80950,50
2026-08-11,third,6,17720,17720,20
2026-08-11,third,6,21652,21652,52
2026-08-12,fifth,1,3050,3050,50
2026-08-12,fifth,1,3220,3220,20
2026-08-12,fifth,1,0704,0704,04
2026-08-12,fifth,1,3379,3379,79
2026-08-12,fifth,1,7697,7697,97
2026-08-12,fifth,1,3843,3843,43
2026-08-12,fifth,1,6318,6318,18
2026-08-12,fifth,2,2194,2194,94
2026-08-12,fifth,2,3169,3169,69
2026-08-12,fifth,2,6495,6495,95
2026-08-12,fifth,2,6567,6567,67
2026-08-12,fifth,2,3702,3702,02
2026-08-12,fifth,2,9329,9329,29
2026-08-12,fifth,2,8204,8204,04
2026-08-12,fifth,3,4509,4509,09
2026-08-12,fifth,3,8526,8526,26
2026-08-12,fifth,3,2417,2417,17
2026-08-12,fifth,3,7893,7893,93
2026-08-12,fifth,3,1021,1021,21
2026-08-12,fifth,3,5322,5322,22
2026-08-12,fifth,3,2751,2751,51
2026-08-12,fifth,4,7308,7308,08
2026-08-12,fifth,4,0486,0486,86
2026-08-12,fifth,4,8189,8189,89
2026-08-12,fifth,4,5442,5442,42
2026-08-12,fifth,4,7525,7525,25
2026-08-12,fifth,4,6009,6009,09
2026-08-12,fifth,4,9801,9801,01
2026-08-12,fifth,5,9434,9434,34
2026-08-12,fifth,5,7849,7849,49
2026-08-12,fifth,5,3332,3332,32
2026-08-12,fifth,5,1310,1310,10
2026-08-12,fifth,5,7381,7381,81
2026-08-12,fifth,5,2583,2583,83
2026-08-12,fifth,5,4706,4706,06
2026-08-12,fifth,6,6888,6888,88
2026-08-12,fifth,6,4836,4836,36
2026-08-12,fifth,6,6578,6578,78
2026-08-12,fifth,6,1473,1473,73
2026-08-12,fifth,6,9202,9202,02
2026-08-12,fifth,6,5618,5618,18
2026-08-12,fifth,6,4350,4350,50
2026-08-12,first,1,31773,31773,73
2026-08-12,first,1,64720,64720,20
2026-08-12,first,1,02550,02550,50
2026-08-12,first,1,33704,33704,04
2026-08-12,first,1,34327,34327,27
2026-08-12,first,1,32689,32689,89
2026-08-12,first,1,68160,68160,60
2026-08-12,fourth,1,0172,0172,72
2026-08-12,fourth,1,1196,1196,96
2026-08-12,fourth,1,7064,7064,64
2026-08-12,fourth,1,4316,4316,16
2026-08-12,fourth,1,6850,6850,50
2026-08-12,fourth,1,3018,3018,18
2026-08-12,fourth,1,2654,2654,54
2026-08-12,fourth,2,0162,0162,62
2026-08-12,fourth,2,9596,9596,96
2026-08-12,fourth,2,3517,3517,17
2026-08-12,fourth,2,0742,0742,42
2026-08-12,fourth,2,1862,1862,62
2026-08-12,fourth,2,8277,8277,77
2026-08-12,fourth,2,6120,6120,20
2026-08-12,fourth,3,3526,3526,26
2026-08-12,fourth,3,6005,6005,05
2026-08-12,fourth,3,7483,7483,83
2026-08-12,fourth,3,8961,8961,61
2026-08-12,fourth,3,2384,2384,84
2026-08-12,fourth,3,6586,6586,86
2026-08-12,fourth,3,9919,9919,19
2026-08-12,fourth,4,0188,0188,88
2026-08-12,fourth,4,0872,0872,72
2026-08-12,fourth,4,6163,6163,63
2026-08-12,fourth,4,8299,8299,99
2026-08-12,fourth,4,0446,0446,46
2026-08-12,fourth,4,6556,6556,56
2026-08-12,fourth,4,3406,3406,06
2026-08-12,second,1,64497,64497,97
2026-08-12,second,1,08936,08936,36
2026-08-12,second,1,25817,25817,17
2026-08-12,second,1,95134,95134,34
2026-08-12,second,1,61556,61556,56
2026-08-12,second,1,34894,34894,94
2026-08-12,second,1,99032,99032,32
2026-08-12,second,2,88592,88592,92
2026-08-12,second,2,35676,35676,76
2026-08-12,second,2,57031,57031,31
2026-08-12,second,2,17327,17327,27
2026-08-12,second,2,81119,81119,19
2026-08-12,second,2,72643,72643,43
2026-08-12,second,2,08931,08931,31
2026-08-12,seventh,1,21,21,21
2026-08-12,seventh,1,22,22,22
2026-08-12,seventh,1,95,95,95
2026-08-12,seventh,1,21,21,21
2026-08-12,seventh,1,90,90,90
2026-08-12,seventh,1,47,47,47
2026-08-12,seventh,1,35,35,35
2026-08-12,seventh,2,97,97,97
2026-08-12,seventh,2,92,92,92
2026-08-12,seventh,2,02,02,02
2026-08-12,seventh,2,77,77,77
2026-08-12,seventh,2,78,78,78
2026-08-12,seventh,2,81,81,81
2026-08-12,seventh,2,69,69,69
2026-08-12,seventh,3,42,42,42
2026-08-12,seventh,3,40,40,40
2026-08-12,seventh,3,84,84,84
2026-08-12,seventh,3,29,29,29
2026-08-12,seventh,3,80,80,80
2026-08-12,seventh,3,44,44,44
2026-08-12,seventh,3,95,95,95
2026-08-12,seventh,4,00,00,00
2026-08-12,seventh,4,00,00,00
2026-08-12,seventh,4,06,06,06
2026-08-12,seventh,4,97,97,97
2026-08-12,seventh,4,95,95,95
2026-08-12,seventh,4,80,80,80
2026-08-12,seventh,4,89,89,89
2026-08-12,sixth,1,540,540,40
2026-08-12,sixth,1,982,982,82
2026-08-12,sixth,1,031,031,31
2026-08-12,sixth,1,468,468,68
2026-08-12,sixth,1,432,432,32
2026-08-12,sixth,1,111,111,11
2026-08-12,sixth,1,113,113,13
2026-08-12,sixth,2,059,059,59
2026-08-12,sixth,2,824,824,24
2026-08-12,sixth,2,622,622,22
2026-08-12,sixth,2,841,841,41
2026-08-12,sixth,2,542,542,42
2026-08-12,sixth,2,742,742,42
2026-08-12,sixth,2,884,884,84
2026-08-12,sixth,3,081,081,81
2026-08-12,sixth,3,787,787,87
2026-08-12,sixth,3,103,103,03
2026-08-12,sixth,3,949,949,49
2026-08-12,sixth,3,417,417,17
2026-08-12,sixth,3,932,932,32
2026-08-12,sixth,3,188,188,88
2026-08-12,special,1,82326,82326,26
2026-08-12,special,1,92191,92191,91
2026-08-12,special,1,92957,92957,57
2026-08-12,special,1,12221,12221,21
2026-08-12,special,1,04922,04922,22
2026-08-12,special,1,16479,16479,79
2026-08-12,special,1,26167,26167,67
2026-08-12,third,1,50195,50195,95
2026-08-12,third,1,58345,58345,45
2026-08-12,third,1,09593,09593,93
2026-08-12,third,1,04217,04217,17
2026-08-12,third,1,58618,58618,18
2026-08-12,third,1,87827,87827,27
2026-08-12,third,1,54651,54651,51
2026-08-12,third,2,46812,46812,12
2026-08-12,third,2,86863,86863,63
2026-08-12,third,2,15853,15853,53
2026-08-12,third,2,82286,82286,86
2026-08-12,third,2,84963,84963,63
2026-08-12,third,2,41746,41746,46
2026-08-12,third,2,94887,94887,87
2026-08-12,third,3,80982,80982,82
2026-08-12,third,3,36851,36851,51
2026-08-12,third,3,94852,94852,52
2026-08-12,third,3,56322,56322,22
2026-08-12,third,3,59121,59121,21
2026-08-12,third,3,91915,91915,15
2026-08-12,third,3,15060,15060,60
2026-08-12,third,4,66597,66597,97
2026-08-12,third,4,91550,91550,50
2026-08-12,third,4,74634,74634,34
2026-08-12,third,4,52512,52512,12
2026-08-12,third,4,18200,18200,00
2026-08-12,third,4,44180,44180,80
2026-08-12,third,4,50406,50406,06
2026-08-12,third,5,76120,76120,20
2026-08-12,third,5,59891,59891,91
2026-08-12,third,5,30314,30314,14
2026-08-12,third,5,96314,96314,14
2026-08-12,third,5,50273,50273,73
2026-08-12,third,5,40642,40642,42
2026-08-12,third,5,53504,53504,04
2026-08-12,third,6,13434,13434,34
2026-08-12,third,6,01824,01824,24
2026-08-12,third,6,33169,33169,69
2026-08-12,third,6,32250,32250,50
2026-08-12,third,6,26811,26811,11
2026-08-12,third,6,80950,80950,50
2026-08-12,third,6,17720,17720,20
2026-08-13,fifth,1,5054,5054,54
2026-08-13,fifth,1,3050,3050,50
2026-08-13,fifth,1,3220,3220,20
2026-08-13,fifth,1,0704,0704,04
2026-08-13,fifth,1,3379,3379,79
2026-08-13,fifth,1,7697,7697,97
2026-08-13,fifth,1,3843,3843,43
2026-08-13,fifth,2,5569,5569,69
2026-08-13,fifth,2,2194,2194,94
2026-08-13,fifth,2,3169,3169,69
2026-08-13,fifth,2,6495,6495,95
2026-08-13,fifth,2,6567,6567,67
2026-08-13,fifth,2,3702,3702,02
2026-08-13,fifth,2,9329,9329,29
2026-08-13,fifth,3,1276,1276,76
2026-08-13,fifth,3,4509,4509,09
2026-08-13,fifth,3,8526,8526,26
2026-08-13,fifth,3,2417,2417,17
2026-08-13,fifth,3,7893,7893,93
2026-08-13,fifth,3,1021,1021,21
2026-08-13,fifth,3,5322,5322,22
2026-08-13,fifth,4,0464,0464,64
2026-08-13,fifth,4,7308,7308,08
2026-08-13,fifth,4,0486,0486,86
2026-08-13,fifth,4,8189,8189,89
2026-08-13,fifth,4,5442,5442,42
2026-08-13,fifth,4,7525,7525,25
2026-08-13,fifth,4,6009,6009,09
2026-08-13,fifth,5,9015,9015,15
2026-08-13,fifth,5,9434,9434,34
2026-08-13,fifth,5,7849,7849,49
2026-08-13,fifth,5,3332,3332,32
2026-08-13,fifth,5,1310,1310,10
2026-08-13,fifth,5,7381,7381,81
2026-08-13,fifth,5,2583,2583,83
2026-08-13,fifth,6,5688,5688,88
2026-08-13,fifth,6,6888,6888,88
2026-08-13,fifth,6,4836,4836,36
2026-08-13,fifth,6,6578,6578,78
2026-08-13,fifth,6,1473,1473,73
2026-08-13,fifth,6,9202,9202,02
2026-08-13,fifth,6,5618,5618,18
2026-08-13,first,1,29044,29044,44
2026-08-13,first,1,31773,31773,73
2026-08-13,first,1,64720,64720,20
2026-08-13,first,1,02550,02550,50
2026-08-13,first,1,33704,33704,04
2026-08-13,first,1,34327,34327,27
2026-08-13,first,1,32689,32689,89
2026-08-13,fourth,1,2360,2360,60
2026-08-13,fourth,1,0172,0172,72
2026-08-13,fourth,1,1196,1196,96
2026-08-13,fourth,1,7064,7064,64
2026-08-13,fourth,1,4316,4316,16
2026-08-13,fourth,1,6850,6850,50
2026-08-13,fourth,1,3018,3018,18
2026-08-13,fourth,2,5647,5647,47
2026-08-13,fourth,2,0162,0162,62
2026-08-13,fourth,2,9596,9596,96
2026-08-13,fourth,2,3517,3517,17
2026-08-13,fourth,2,0742,0742,42
2026-08-13,fourth,2,1862,1862,62
2026-08-13,fourth,2,8277,8277,77
2026-08-13,fourth,3,9651,9651,51
2026-08-13,fourth,3,3526,3526,26
2026-08-13,fourth,3,6005,6005,05
2026-08-13,fourth,3,7483,7483,83
2026-08-13,fourth,3,8961,8961,61
2026-08-13,fourth,3,2384,2384,84
2026-08-13,fourth,3,6586,6586,86
2026-08-13,fourth,4,3020,3020,20
2026-08-13,fourth,4,0188,0188,88
2026-08-13,fourth,4,0872,0872,72
2026-08-13,fourth,4,6163,6163,63
2026-08-13,fourth,4,8299,8299,99
2026-08-13,fourth,4,0446,0446,46
2026-08-13,fourth,4,6556,6556,56
2026-08-13,second,1,43644,43644,44
2026-08-13,second,1,64497,64497,97
2026-08-13,second,1,08936,08936,36
2026-08-13,second,1,25817,25817,17
2026-08-13,second,1,95134,95134,34
2026-08-13,second,1,61556,61556,56
2026-08-13,second,1,34894,34894,94
2026-08-13,second,2,08236,08236,36
2026-08-13,second,2,88592,88592,92
2026-08-13,second,2,35676,35676,76
2026-08-13,second,2,57031,57031,31
2026-08-13,second,2,17327,17327,27
2026-08-13,second,2,81119,81119,19
2026-08-13,second,2,72643,72643,43
2026-08-13,seventh,1,14,14,14
2026-08-13,seventh,1,21,21,21
2026-08-13,seventh,1,22,22,22
2026-08-13,seventh,1,95,95,95
2026-08-13,seventh,1,21,21,21
2026-08-13,seventh,1,90,90,90
2026-08-13,seventh,1,47,47,47
2026-08-13,seventh,2,26,26,26
2026-08-13,seventh,2,97,97,97
2026-08-13,seventh,2,92,92,92
2026-08-13,seventh,2,02,02,02
2026-08-13,seventh,2,77,77,77
2026-08-13,seventh,2,78,78,78
2026-08-13,seventh,2,81,81,81
2026-08-13,seventh,3,19,19,19
2026-08-13,seventh,3,42,42,42
2026-08-13,seventh,3,40,40,40
2026-08-13,seventh,3,84,84,84
2026-08-13,seventh,3,29,29,29
2026-08-13,seventh,3,80,80,80
2026-08-13,seventh,3,44,44,44
2026-08-13,seventh,4,34,34,34
2026-08-13,seventh,4,00,00,00
2026-08-13,seventh,4,00,00,00
2026-08-13,seventh,4,06,06,06
2026-08-13,seventh,4,97,97,97
2026-08-13,seventh,4,95,95,95
2026-08-13,seventh,4,80,80,80
2026-08-13,sixth,1,181,181,81
2026-08-13,sixth,1,540,540,40
2026-08-13,sixth,1,982,982,82
2026-08-13,sixth,1,031,031,31
2026-08-13,sixth,1,468,468,68
2026-08-13,sixth,1,432,432,32
2026-08-13,sixth,1,111,111,11
2026-08-13,sixth,2,587,587,87
2026-08-13,sixth,2,059,059,59
2026-08-13,sixth,2,824,824,24
2026-08-13,sixth,2,622,622,22
2026-08-13,sixth,2,841,841,41
2026-08-13,sixth,2,542,542,42
2026-08-13,sixth,2,742,742,42
2026-08-13,sixth,3,525,525,25
2026-08-13,sixth,3,081,081,81
2026-08-13,sixth,3,787,787,87
2026-08-13,sixth,3,103,103,03
2026-08-13,sixth,3,949,949,49
2026-08-13,sixth,3,417,417,17
2026-08-13,sixth,3,932,932,32
2026-08-13,special,1,79344,79344,44
2026-08-13,special,1,82326,82326,26
2026-08-13,special,1,92191,92191,91
2026-08-13,special,1,92957,92957,57
2026-08-13,special,1,12221,12221,21
2026-08-13,special,1,04922,04922,22
2026-08-13,special,1,16479,16479,79
2026-08-13,third,1,55981,55981,81
2026-08-13,third,1,50195,50195,95
2026-08-13,third,1,58345,58345,45
2026-08-13,third,1,09593,09593,93
2026-08-13,third,1,04217,04217,17
2026-08-13,third,1,58618,58618,18
2026-08-13,third,1,87827,87827,27
2026-08-13,third,2,70111,70111,11
2026-08-13,third,2,46812,46812,12
2026-08-13,third,2,86863,86863,63
2026-08-13,third,2,15853,15853,53
2026-08-13,third,2,82286,82286,86
2026-08-13,third,2,84963,84963,63
2026-08-13,third,2,41746,41746,46
2026-08-13,third,3,58720,58720,20
2026-08-13,third,3,80982,80982,82
2026-08-13,third,3,36851,36851,51
2026-08-13,third,3,94852,94852,52
2026-08-13,third,3,56322,56322,22
2026-08-13,third,3,59121,59121,21
2026-08-13,third,3,91915,91915,15
2026-08-13,third,4,59614,59614,14
2026-08-13,third,4,66597,66597,97
2026-08-13,third,4,91550,91550,50
2026-08-13,third,4,74634,74634,34
2026-08-13,third,4,52512,52512,12
2026-08-13,third,4,18200,18200,00
2026-08-13,third,4,44180,44180,80
2026-08-13,third,5,16508,16508,08
2026-08-13,third,5,76120,76120,20
2026-08-13,third,5,59891,59891,91
2026-08-13,third,5,30314,30314,14
2026-08-13,third,5,96314,96314,14
2026-08-13,third,5,50273,50273,73
2026-08-13,third,5,40642,40642,42
2026-08-13,third,6,49317,49317,17
2026-08-13,third,6,13434,13434,34
2026-08-13,third,6,01824,01824,24
2026-08-13,third,6,33169,33169,69
2026-08-13,third,6,32250,32250,50
2026-08-13,third,6,26811,26811,11
2026-08-13,third,6,80950,80950,50
2026-08-14,fifth,1,4236,4236,36
2026-08-14,fifth,1,5054,5054,54
2026-08-14,fifth,1,3050,3050,50
2026-08-14,fifth,1,3220,3220,20
2026-08-14,fifth,1,0704,0704,04
2026-08-14,fifth,1,3379,3379,79
2026-08-14,fifth,1,7697,7697,97
2026-08-14,fifth,2,6562,6562,62
2026-08-14,fifth,2,5569,5569,69
2026-08-14,fifth,2,2194,2194,94
2026-08-14,fifth,2,3169,3169,69
2026-08-14,fifth,2,6495,6495,95
2026-08-14,fifth,2,6567,6567,67
2026-08-14,fifth,2,3702,3702,02
2026-08-14,fifth,3,7088,7088,88
2026-08-14,fifth,3,1276,1276,76
2026-08-14,fifth,3,4509,4509,09
2026-08-14,fifth,3,8526,8526,26
2026-08-14,fifth,3,2417,2417,17
2026-08-14,fifth,3,7893,7893,93
2026-08-14,fifth,3,1021,1021,21
2026-08-14,fifth,4,9520,9520,20
2026-08-14,fifth,4,0464,0464,64
2026-08-14,fifth,4,7308,7308,08
2026-08-14,fifth,4,0486,0486,86
2026-08-14,fifth,4,8189,8189,89
2026-08-14,fifth,4,5442,5442,42
2026-08-14,fifth,4,7525,7525,25
2026-08-14,fifth,5,1472,1472,72
2026-08-14,fifth,5,9015,9015,15
2026-08-14,fifth,5,9434,9434,34
2026-08-14,fifth,5,7849,7849,49
2026-08-14,fifth,5,3332,3332,32
2026-08-14,fifth,5,1310,1310,10
2026-08-14,fifth,5,7381,7381,81
2026-08-14,fifth,6,2629,2629,29
2026-08-14,fifth,6,5688,5688,88
2026-08-14,fifth,6,6888,6888,88
2026-08-14,fifth,6,4836,4836,36
2026-08-14,fifth,6,6578,6578,78
2026-08-14,fifth,6,1473,1473,73
2026-08-14,fifth,6,9202,9202,02
2026-08-14,first,1,29580,29580,80
2026-08-14,first,1,29044,29044,44
2026-08-14,first,1,31773,31773,73
2026-08-14,first,1,64720,64720,20
2026-08-14,first,1,02550,02550,50
2026-08-14,first,1,33704,33704,04
2026-08-14,first,1,34327,34327,27
2026-08-14,fourth,1,6940,6940,40
2026-08-14,fourth,1,2360,2360,60
2026-08-14,fourth,1,0172,0172,72
2026-08-14,fourth,1,1196,1196,96
2026-08-14,fourth,1,7064,7064,64
2026-08-14,fourth,1,4316,4316,16
2026-08-14,fourth,1,6850,6850,50
2026-08-14,fourth,2,4034,4034,34
2026-08-14,fourth,2,5647,5647,47
2026-08-14,fourth,2,0162,0162,62
2026-08-14,fourth,2,9596,9596,96
2026-08-14,fourth,2,3517,3517,17
2026-08-14,fourth,2,0742,0742,42
2026-08-14,fourth,2,1862,1862,62
2026-08-14,fourth,3,0405,0405,05
2026-08-14,fourth,3,9651,9651,51
2026-08-14,fourth,3,3526,3526,26
2026-08-14,fourth,3,6005,6005,05
2026-08-14,fourth,3,7483,7483,83
2026-08-14,fourth,3,8961,8961,61
2026-08-14,fourth,3,2384,2384,84
2026-08-14,fourth,4,1035,1035,35
2026-08-14,fourth,4,3020,3020,20
2026-08-14,fourth,4,0188,0188,88
2026-08-14,fourth,4,0872,0872,72
2026-08-14,fourth,4,6163,6163,63
2026-08-14,fourth,4,8299,8299,99
2026-08-14,fourth,4,0446,0446,46
2026-08-14,second,1,53595,53595,95
2026-08-14,second,1,43644,43644,44
2026-08-14,second,1,64497,64497,97
2026-08-14,second,1,08936,08936,36
2026-08-14,second,1,25817,25817,17
2026-08-14,second,1,95134,95134,34
2026-08-14,second,1,61556,61556,56
2026-08-14,second,2,57908,57908,08
2026-08-14,second,2,08236,08236,36
2026-08-14,second,2,88592,88592,92
2026-08-14,second,2,35676,35676,76
2026-08-14,second,2,57031,57031,31
2026-08-14,second,2,17327,17327,27
2026-08-14,second,2,81119,81119,19
2026-08-14,seventh,1,43,43,43
2026-08-14,seventh,1,14,14,14
2026-08-14,seventh,1,21,21,21
2026-08-14,seventh,1,22,22,22
2026-08-14,seventh,1,95,95,95
2026-08-14,seventh,1,21,21,21
2026-08-14,seventh,1,90,90,90
2026-08-14,seventh,2,54,54,54
2026-08-14,seventh,2,26,26,26
2026-08-14,seventh,2,97,97,97
2026-08-14,seventh,2,92,92,92
2026-08-14,seventh,2,02,02,02
2026-08-14,seventh,2,77,77,77
2026-08-14,seventh,2,78,78,78
2026-08-14,seventh,3,69,69,69
2026-08-14,seventh,3,19,19,19
2026-08-14,seventh,3,42,42,42
2026-08-14,seventh,3,40,40,40
2026-08-14,seventh,3,84,84,84
2026-08-14,seventh,3,29,29,29
2026-08-14,seventh,3,80,80,80
2026-08-14,seventh,4,64,64,64
2026-08-14,seventh,4,34,34,34
2026-08-14,seventh,4,00,00,00
2026-08-14,seventh,4,00,00,00
2026-08-14,seventh,4,06,06,06
2026-08-14,seventh,4,97,97,97
2026-08-14,seventh,4,95,95,95
2026-08-14,sixth,1,240,240,40
2026-08-14,sixth,1,181,181,81
2026-08-14,sixth,1,540,540,40
2026-08-14,sixth,1,982,982,82
2026-08-14,sixth,1,031,031,31
2026-08-14,sixth,1,468,468,68
2026-08-14,sixth,1,432,432,32
2026-08-14,sixth,2,470,470,70
2026-08-14,sixth,2,587,587,87
2026-08-14,sixth,2,059,059,59
2026-08-14,sixth,2,824,824,24
2026-08-14,sixth,2,622,622,22
2026-08-14,sixth,2,841,841,41
2026-08-14,sixth,2,542,542,42
2026-08-14,sixth,3,855,855,55
2026-08-14,sixth,3,525,525,25
2026-08-14,sixth,3,081,081,81
2026-08-14,sixth,3,787,787,87
2026-08-14,sixth,3,103,103,03
2026-08-14,sixth,3,949,949,49
2026-08-14,sixth,3,417,417,17
2026-08-14,special,1,80018,80018,18
2026-08-14,special,1,79344,79344,44
2026-08-14,special,1,82326,82326,26
2026-08-14,special,1,92191,92191,91
2026-08-14,special,1,92957,92957,57
2026-08-14,special,1,12221,12221,21
2026-08-14,special,1,04922,04922,22
2026-08-14,third,1,41944,41944,44
2026-08-14,third,1,55981,55981,81
2026-08-14,third,1,50195,50195,95
2026-08-14,third,1,58345,58345,45
2026-08-14,third,1,09593,09593,93
2026-08-14,third,1,04217,04217,17
2026-08-14,third,1,58618,58618,18
2026-08-14,third,2,45738,45738,38
2026-08-14,third,2,70111,70111,11
2026-08-14,third,2,46812,46812,12
2026-08-14,third,2,86863,86863,63
2026-08-14,third,2,15853,15853,53
2026-08-14,third,2,82286,82286,86
2026-08-14,third,2,84963,84963,63
2026-08-14,third,3,71720,71720,20
2026-08-14,third,3,58720,58720,20
2026-08-14,third,3,80982,80982,82
2026-08-14,third,3,36851,36851,51
2026-08-14,third,3,94852,94852,52
2026-08-14,third,3,56322,56322,22
2026-08-14,third,3,59121,59121,21
2026-08-14,third,4,81217,81217,17
2026-08-14,third,4,59614,59614,14
2026-08-14,third,4,66597,66597,97
2026-08-14,third,4,91550,91550,50
2026-08-14,third,4,74634,74634,34
2026-08-14,third,4,52512,52512,12
2026-08-14,third,4,18200,18200,00
2026-08-14,third,5,65909,65909,09
2026-08-14,third,5,16508,16508,08
2026-08-14,third,5,76120,76120,20
2026-08-14,third,5,59891,59891,91
2026-08-14,third,5,30314,30314,14
2026-08-14,third,5,96314,96314,14
2026-08-14,third,5,50273,50273,73
2026-08-14,third,6,66106,66106,06
2026-08-14,third,6,49317,49317,17
2026-08-14,third,6,13434,13434,34
2026-08-14,third,6,01824,01824,24
2026-08-14,third,6,33169,33169,69
2026-08-14,third,6,32250,32250,50
2026-08-14,third,6,26811,26811,11
2026-08-15,fifth,1,4027,4027,27
2026-08-15,fifth,1,4236,4236,36
2026-08-15,fifth,1,5054,5054,54
2026-08-15,fifth,1,3050,3050,50
2026-08-15,fifth,1,3220,3220,20
2026-08-15,fifth,1,0704,0704,04
2026-08-15,fifth,1,3379,3379,79
2026-08-15,fifth,2,2547,2547,47
2026-08-15,fifth,2,6562,6562,62
2026-08-15,fifth,2,5569,5569,69
2026-08-15,fifth,2,2194,2194,94
2026-08-15,fifth,2,3169,3169,69
2026-08-15,fifth,2,6495,6495,95
2026-08-15,fifth,2,6567,6567,67
2026-08-15,fifth,3,1283,1283,83
2026-08-15,fifth,3,7088,7088,88
2026-08-15,fifth,3,1276,1276,76
2026-08-15,fifth,3,4509,4509,09
2026-08-15,fifth,3,8526,8526,26
2026-08-15,fifth,3,2417,2417,17
2026-08-15,fifth,3,7893,7893,93
2026-08-15,fifth,4,5647,5647,47
2026-08-15,fifth,4,9520,9520,20
2026-08-15,fifth,4,0464,0464,64
2026-08-15,fifth,4,7308,7308,08
2026-08-15,fifth,4,0486,0486,86
2026-08-15,fifth,4,8189,8189,89
2026-08-15,fifth,4,5442,5442,42
2026-08-15,fifth,5,6635,6635,35
2026-08-15,fifth,5,1472,1472,72
2026-08-15,fifth,5,9015,9015,15
2026-08-15,fifth,5,9434,9434,34
2026-08-15,fifth,5,7849,7849,49
2026-08-15,fifth,5,3332,3332,32
2026-08-15,fifth,5,1310,1310,10
2026-08-15,fifth,6,0761,0761,61
2026-08-15,fifth,6,2629,2629,29
2026-08-15,fifth,6,5688,5688,88
2026-08-15,fifth,6,6888,6888,88
2026-08-15,fifth,6,4836,4836,36
2026-08-15,fifth,6,6578,6578,78
2026-08-15,fifth,6,1473,1473,73
2026-08-15,first,1,97028,97028,28
2026-08-15,first,1,29580,29580,80
2026-08-15,first,1,29044,29044,44
2026-08-15,first,1,31773,31773,73
2026-08-15,first,1,64720,64720,20
2026-08-15,first,1,02550,02550,50
2026-08-15,first,1,33704,33704,04
2026-08-15,fourth,1,6233,6233,33
2026-08-15,fourth,1,6940,6940,40
2026-08-15,fourth,1,2360,2360,60
2026-08-15,fourth,1,0172,0172,72
2026-08-15,fourth,1,1196,1196,96
2026-08-15,fourth,1,7064,7064,64
2026-08-15,fourth,1,4316,4316,16
2026-08-15,fourth,2,3434,3434,34
2026-08-15,fourth,2,4034,4034,34
2026-08-15,fourth,2,5647,5647,47
2026-08-15,fourth,2,0162,0162,62
2026-08-15,fourth,2,9596,9596,96
2026-08-15,fourth,2,3517,3517,17
2026-08-15,fourth,2,0742,0742,42
2026-08-15,fourth,3,5381,5381,81
2026-08-15,fourth,3,0405,0405,05
2026-08-15,fourth,3,9651,9651,51
2026-08-15,fourth,3,3526,3526,26
2026-08-15,fourth,3,6005,6005,05
2026-08-15,fourth,3,7483,7483,83
2026-08-15,fourth,3,8961,8961,61
2026-08-15,fourth,4,6127,6127,27
2026-08-15,fourth,4,1035,1035,35
2026-08-15,fourth,4,3020,3020,20
2026-08-15,fourth,4,0188,0188,88
2026-08-15,fourth,4,0872,0872,72
2026-08-15,fourth,4,6163,6163,63
2026-08-15,fourth,4,8299,8299,99
2026-08-15,second,1,57724,57724,24
2026-08-15,second,1,53595,53595,95
2026-08-15,second,1,43644,43644,44
2026-08-15,second,1,64497,64497,97
2026-08-15,second,1,08936,08936,36
2026-08-15,second,1,25817,25817,17
2026-08-15,second,1,95134,95134,34
2026-08-15,second,2,00834,00834,34
2026-08-15,second,2,57908,57908,08
2026-08-15,second,2,08236,08236,36
2026-08-15,second,2,88592,88592,92
2026-08-15,second,2,35676,35676,76
2026-08-15,second,2,57031,57031,31
2026-08-15,second,2,17327,17327,27
2026-08-15,seventh,1,33,33,33
2026-08-15,seventh,1,43,43,43
2026-08-15,seventh,1,14,14,14
2026-08-15,seventh,1,21,21,21
2026-08-15,seventh,1,22,22,22
2026-08-15,seventh,1,95,95,95
2026-08-15,seventh,1,21,21,21
2026-08-15,seventh,2,66,66,66
2026-08-15,seventh,2,54,54,54
2026-08-15,seventh,2,26,26,26
2026-08-15,seventh,2,97,97,97
2026-08-15,seventh,2,92,92,92
2026-08-15,seventh,2,02,02,02
2026-08-15,seventh,2,77,77,77
2026-08-15,seventh,3,52,52,52
2026-08-15,seventh,3,69,69,69
2026-08-15,seventh,3,19,19,19
2026-08-15,seventh,3,42,42,42
2026-08-15,seventh,3,40,40,40
2026-08-15,seventh,3,84,84,84
2026-08-15,seventh,3,29,29,29
2026-08-15,seventh,4,04,04,04
2026-08-15,seventh,4,64,64,64
2026-08-15,seventh,4,34,34,34
2026-08-15,seventh,4,00,00,00
2026-08-15,seventh,4,00,00,00
2026-08-15,seventh,4,06,06,06
2026-08-15,seventh,4,97,97,97
2026-08-15,sixth,1,790,790,90
2026-08-15,sixth,1,240,240,40
2026-08-15,sixth,1,181,181,81
2026-08-15,sixth,1,540,540,40
2026-08-15,sixth,1,982,982,82
2026-08-15,sixth,1,031,031,31
2026-08-15,sixth,1,468,468,68
2026-08-15,sixth,2,558,558,58
2026-08-15,sixth,2,470,470,70
2026-08-15,sixth,2,587,587,87
2026-08-15,sixth,2,059,059,59
2026-08-15,sixth,2,824,824,24
2026-08-15,sixth,2,622,622,22
2026-08-15,sixth,2,841,841,41
2026-08-15,sixth,3,928,928,28
2026-08-15,sixth,3,855,855,55
2026-08-15,sixth,3,525,525,25
2026-08-15,sixth,3,081,081,81
2026-08-15,sixth,3,787,787,87
2026-08-15,sixth,3,103,103,03
2026-08-15,sixth,3,949,949,49
2026-08-15,special,1,80278,80278,78
2026-08-15,special,1,80018,80018,18
2026-08-15,special,1,79344,79344,44
2026-08-15,special,1,82326,82326,26
2026-08-15,special,1,92191,92191,91
2026-08-15,special,1,92957,92957,57
2026-08-15,special,1,12221,12221,21
2026-08-15,third,1,71946,71946,46
2026-08-15,third,1,41944,41944,44
2026-08-15,third,1,55981,55981,81
2026-08-15,third,1,50195,50195,95
2026-08-15,third,1,58345,58345,45
2026-08-15,third,1,09593,09593,93
2026-08-15,third,1,04217,04217,17
2026-08-15,third,2,84077,84077,77
2026-08-15,third,2,45738,45738,38
2026-08-15,third,2,70111,70111,11
2026-08-15,third,2,46812,46812,12
2026-08-15,third,2,86863,86863,63
2026-08-15,third,2,15853,15853,53
2026-08-15,third,2,82286,82286,86
2026-08-15,third,3,83718,83718,18
2026-08-15,third,3,71720,71720,20
2026-08-15,third,3,58720,58720,20
2026-08-15,third,3,80982,80982,82
2026-08-15,third,3,36851,36851,51
2026-08-15,third,3,94852,94852,52
2026-08-15,third,3,56322,56322,22
2026-08-15,third,4,45800,45800,00
2026-08-15,third,4,81217,81217,17
2026-08-15,third,4,59614,59614,14
2026-08-15,third,4,66597,66597,97
2026-08-15,third,4,91550,91550,50
2026-08-15,third,4,74634,74634,34
2026-08-15,third,4,52512,52512,12
2026-08-15,third,5,97287,97287,87
2026-08-15,third,5,65909,65909,09
2026-08-15,third,5,16508,16508,08
2026-08-15,third,5,76120,76120,20
2026-08-15,third,5,59891,59891,91
2026-08-15,third,5,30314,30314,14
2026-08-15,third,5,96314,96314,14
2026-08-15,third,6,77363,77363,63
2026-08-15,third,6,66106,66106,06
2026-08-15,third,6,49317,49317,17
2026-08-15,third,6,13434,13434,34
2026-08-15,third,6,01824,01824,24
2026-08-15,third,6,33169,33169,69
2026-08-15,third,6,32250,32250,50
2026-08-16,fifth,1,2300,2300,00
2026-08-16,fifth,1,4027,4027,27
2026-08-16,fifth,1,4236,4236,36
2026-08-16,fifth,1,5054,5054,54
2026-08-16,fifth,1,3050,3050,50
2026-08-16,fifth,1,3220,3220,20
2026-08-16,fifth,1,0704,0704,04
2026-08-16,fifth,2,6408,6408,08
2026-08-16,fifth,2,2547,2547,47
2026-08-16,fifth,2,6562,6562,62
2026-08-16,fifth,2,5569,5569,69
2026-08-16,fifth,2,2194,2194,94
2026-08-16,fifth,2,3169,3169,69
2026-08-16,fifth,2,6495,6495,95
2026-08-16,fifth,3,5948,5948,48
2026-08-16,fifth,3,1283,1283,83
2026-08-16,fifth,3,7088,7088,88
2026-08-16,fifth,3,1276,1276,76
2026-08-16,fifth,3,4509,4509,09
2026-08-16,fifth,3,8526,8526,26
2026-08-16,fifth,3,2417,2417,17
2026-08-16,fifth,4,4631,4631,31
2026-08-16,fifth,4,5647,5647,47
2026-08-16,fifth,4,9520,9520,20
2026-08-16,fifth,4,0464,0464,64
2026-08-16,fifth,4,7308,7308,08
2026-08-16,fifth,4,0486,0486,86
2026-08-16,fifth,4,8189,8189,89
2026-08-16,fifth,5,6950,6950,50
2026-08-16,fifth,5,6635,6635,35
2026-08-16,fifth,5,1472,1472,72
2026-08-16,fifth,5,9015,9015,15
2026-08-16,fifth,5,9434,9434,34
2026-08-16,fifth,5,7849,7849,49
2026-08-16,fifth,5,3332,3332,32
2026-08-16,fifth,6,2621,2621,21
2026-08-16,fifth,6,0761,0761,61
2026-08-16,fifth,6,2629,2629,29
2026-08-16,fifth,6,5688,5688,88
2026-08-16,fifth,6,6888,6888,88
2026-08-16,fifth,6,4836,4836,36
2026-08-16,fifth,6,6578,6578,78
2026-08-16,first,1,34229,34229,29
2026-08-16,first,1,97028,97028,28
2026-08-16,first,1,29580,29580,80
2026-08-16,first,1,29044,29044,44
2026-08-16,first,1,31773,31773,73
2026-08-16,first,1,64720,64720,20
2026-08-16,first,1,02550,02550,50
2026-08-16,fourth,1,9256,9256,56
2026-08-16,fourth,1,6233,6233,33
2026-08-16,fourth,1,6940,6940,40
2026-08-16,fourth,1,2360,2360,60
2026-08-16,fourth,1,0172,0172,72
2026-08-16,fourth,1,1196,1196,96
2026-08-16,fourth,1,7064,7064,64
2026-08-16,fourth,2,9622,9622,22
2026-08-16,fourth,2,3434,3434,34
2026-08-16,fourth,2,4034,4034,34
2026-08-16,fourth,2,5647,5647,47
2026-08-16,fourth,2,0162,0162,62
2026-08-16,fourth,2,9596,9596,96
2026-08-16,fourth,2,3517,3517,17
2026-08-16,fourth,3,3649,3649,49
2026-08-16,fourth,3,5381,5381,81
2026-08-16,fourth,3,0405,0405,05
2026-08-16,fourth,3,9651,9651,51
2026-08-16,fourth,3,3526,3526,26
2026-08-16,fourth,3,6005,6005,05
2026-08-16,fourth,3,7483,7483,83
2026-08-16,fourth,4,2715,2715,15
2026-08-16,fourth,4,6127,6127,27
2026-08-16,fourth,4,1035,1035,35
2026-08-16,fourth,4,3020,3020,20
2026-08-16,fourth,4,0188,0188,88
2026-08-16,fourth,4,0872,0872,72
2026-08-16,fourth,4,6163,6163,63
2026-08-16,second,1,82514,82514,14
2026-08-16,second,1,57724,57724,24
2026-08-16,second,1,53595,53595,95
2026-08-16,second,1,43644,43644,44
2026-08-16,second,1,64497,64497,97
2026-08-16,second,1,08936,08936,36
2026-08-16,second,1,25817,25817,17
2026-08-16,second,2,90636,90636,36
2026-08-16,second,2,00834,00834,34
2026-08-16,second,2,57908,57908,08
2026-08-16,second,2,08236,08236,36
2026-08-16,second,2,88592,88592,92
2026-08-16,second,2,35676,35676,76
2026-08-16,second,2,57031,57031,31
2026-08-16,seventh,1,73,73,73
2026-08-16,seventh,1,33,33,33
2026-08-16,seventh,1,43,43,43
2026-08-16,seventh,1,14,14,14
2026-08-16,seventh,1,21,21,21
2026-08-16,seventh,1,22,22,22
2026-08-16,seventh,1,95,95,95
2026-08-16,seventh,2,89,89,89
2026-08-16,seventh,2,66,66,66
2026-08-16,seventh,2,54,54,54
2026-08-16,seventh,2,26,26,26
2026-08-16,seventh,2,97,97,97
2026-08-16,seventh,2,92,92,92
2026-08-16,seventh,2,02,02,02
2026-08-16,seventh,3,52,52,52
2026-08-16,seventh,3,52,52,52
2026-08-16,seventh,3,69,69,69
2026-08-16,seventh,3,19,19,19
2026-08-16,seventh,3,42,42,42
2026-08-16,seventh,3,40,40,40
2026-08-16,seventh,3,84,84,84
2026-08-16,seventh,4,54,54,54
2026-08-16,seventh,4,04,04,04
2026-08-16,seventh,4,64,64,64
2026-08-16,seventh,4,34,34,34
2026-08-16,seventh,4,00,00,00
2026-08-16,seventh,4,00,00,00
2026-08-16,seventh,4,06,06,06
2026-08-16,sixth,1,964,964,64
2026-08-16,sixth,1,790,790,90
2026-08-16,sixth,1,240,240,40
2026-08-16,sixth,1,181,181,81
2026-08-16,sixth,1,540,540,40
2026-08-16,sixth,1,982,982,82
2026-08-16,sixth,1,031,031,31
2026-08-16,sixth,2,938,938,38
2026-08-16,sixth,2,558,558,58
2026-08-16,sixth,2,470,470,70
2026-08-16,sixth,2,587,587,87
2026-08-16,sixth,2,059,059,59
2026-08-16,sixth,2,824,824,24
2026-08-16,sixth,2,622,622,22
2026-08-16,sixth,3,433,433,33
2026-08-16,sixth,3,928,928,28
2026-08-16,sixth,3,855,855,55
2026-08-16,sixth,3,525,525,25
2026-08-16,sixth,3,081,081,81
2026-08-16,sixth,3,787,787,87
2026-08-16,sixth,3,103,103,03
2026-08-16,special,1,14696,14696,96
2026-08-16,special,1,80278,80278,78
2026-08-16,special,1,80018,80018,18
2026-08-16,special,1,79344,79344,44
2026-08-16,special,1,82326,82326,26
2026-08-16,special,1,92191,92191,91
2026-08-16,special,1,92957,92957,57
2026-08-16,third,1,33329,33329,29
2026-08-16,third,1,71946,71946,46
2026-08-16,third,1,41944,41944,44
2026-08-16,third,1,55981,55981,81
2026-08-16,third,1,50195,50195,95
2026-08-16,third,1,58345,58345,45
2026-08-16,third,1,09593,09593,93
2026-08-16,third,2,76533,76533,33
2026-08-16,third,2,84077,84077,77
2026-08-16,third,2,45738,45738,38
2026-08-16,third,2,70111,70111,11
2026-08-16,third,2,46812,46812,12
2026-08-16,third,2,86863,86863,63
2026-08-16,third,2,15853,15853,53
2026-08-16,third,3,80510,80510,10
2026-08-16,third,3,83718,83718,18
2026-08-16,third,3,71720,71720,20
2026-08-16,third,3,58720,58720,20
2026-08-16,third,3,80982,80982,82
2026-08-16,third,3,36851,36851,51
2026-08-16,third,3,94852,94852,52
2026-08-16,third,4,16133,16133,33
2026-08-16,third,4,45800,45800,00
2026-08-16,third,4,81217,81217,17
2026-08-16,third,4,59614,59614,14
2026-08-16,third,4,66597,66597,97
2026-08-16,third,4,91550,91550,50
2026-08-16,third,4,74634,74634,34
2026-08-16,third,5,15073,15073,73
2026-08-16,third,5,97287,97287,87
2026-08-16,third,5,65909,65909,09
2026-08-16,third,5,16508,16508,08
2026-08-16,third,5,76120,76120,20
2026-08-16,third,5,59891,59891,91
2026-08-16,third,5,30314,30314,14
2026-08-16,third,6,15006,15006,06
2026-08-16,third,6,77363,77363,63
2026-08-16,third,6,66106,66106,06
2026-08-16,third,6,49317,49317,17
2026-08-16,third,6,13434,13434,34
2026-08-16,third,6,01824,01824,24
2026-08-16,third,6,33169,33169,69
2026-08-17,fifth,1,1827,1827,27
2026-08-17,fifth,1,2300,2300,00
2026-08-17,fifth,1,4027,4027,27
2026-08-17,fifth,1,4236,4236,36
2026-08-17,fifth,1,5054,5054,54
2026-08-17,fifth,1,3050,3050,50
2026-08-17,fifth,1,3220,3220,20
2026-08-17,fifth,2,1645,1645,45
2026-08-17,fifth,2,6408,6408,08
2026-08-17,fifth,2,2547,2547,47
2026-08-17,fifth,2,6562,6562,62
2026-08-17,fifth,2,5569,5569,69
2026-08-17,fifth,2,2194,2194,94
2026-08-17,fifth,2,3169,3169,69
2026-08-17,fifth,3,0126,0126,26
2026-08-17,fifth,3,5948,5948,48
2026-08-17,fifth,3,1283,1283,83
2026-08-17,fifth,3,7088,7088,88
2026-08-17,fifth,3,1276,1276,76
2026-08-17,fifth,3,4509,4509,09
2026-08-17,fifth,3,8526,8526,26
2026-08-17,fifth,4,8400,8400,00
2026-08-17,fifth,4,4631,4631,31
2026-08-17,fifth,4,5647,5647,47
2026-08-17,fifth,4,9520,9520,20
2026-08-17,fifth,4,0464,0464,64
2026-08-17,fifth,4,7308,7308,08
2026-08-17,fifth,4,0486,0486,86
2026-08-17,fifth,5,4048,4048,48
2026-08-17,fifth,5,6950,6950,50
2026-08-17,fifth,5,6635,6635,35
2026-08-17,fifth,5,1472,1472,72
2026-08-17,fifth,5,9015,9015,15
2026-08-17,fifth,5,9434,9434,34
2026-08-17,fifth,5,7849,7849,49
2026-08-17,fifth,6,2770,2770,70
2026-08-17,fifth,6,2621,2621,21
2026-08-17,fifth,6,0761,0761,61
2026-08-17,fifth,6,2629,2629,29
2026-08-17,fifth,6,5688,5688,88
2026-08-17,fifth,6,6888,6888,88
2026-08-17,fifth,6,4836,4836,36
2026-08-17,first,1,77200,77200,00
2026-08-17,first,1,34229,34229,29
2026-08-17,first,1,97028,97028,28
2026-08-17,first,1,29580,29580,80
2026-08-17,first,1,29044,29044,44
2026-08-17,first,1,31773,31773,73
2026-08-17,first,1,64720,64720,20
2026-08-17,fourth,1,8355,8355,55
2026-08-17,fourth,1,9256,9256,56
2026-08-17,fourth,1,6233,6233,33
2026-08-17,fourth,1,6940,6940,40
2026-08-17,fourth,1,2360,2360,60
2026-08-17,fourth,1,0172,0172,72
2026-08-17,fourth,1,1196,1196,96
2026-08-17,fourth,2,3614,3614,14
2026-08-17,fourth,2,9622,9622,22
2026-08-17,fourth,2,3434,3434,34
2026-08-17,fourth,2,4034,4034,34
2026-08-17,fourth,2,5647,5647,47
2026-08-17,fourth,2,0162,0162,62
2026-08-17,fourth,2,9596,9596,96
2026-08-17,fourth,3,7074,7074,74
2026-08-17,fourth,3,3649,3649,49
2026-08-17,fourth,3,5381,5381,81
2026-08-17,fourth,3,0405,0405,05
2026-08-17,fourth,3,9651,9651,51
2026-08-17,fourth,3,3526,3526,26
2026-08-17,fourth,3,6005,6005,05
2026-08-17,fourth,4,8014,8014,14
2026-08-17,fourth,4,2715,2715,15
2026-08-17,fourth,4,6127,6127,27
2026-08-17,fourth,4,1035,1035,35
2026-08-17,fourth,4,3020,3020,20
2026-08-17,fourth,4,0188,0188,88
2026-08-17,fourth,4,0872,0872,72
2026-08-17,second,1,76612,76612,12
2026-08-17,second,1,82514,82514,14
2026-08-17,second,1,57724,57724,24
2026-08-17,second,1,53595,53595,95
2026-08-17,second,1,43644,43644,44
2026-08-17,second,1,64497,64497,97
2026-08-17,second,1,08936,08936,36
2026-08-17,second,2,06154,06154,54
2026-08-17,second,2,90636,90636,36
2026-08-17,second,2,00834,00834,34
2026-08-17,second,2,57908,57908,08
2026-08-17,second,2,08236,08236,36
2026-08-17,second,2,88592,88592,92
2026-08-17,second,2,35676,35676,76
2026-08-17,seventh,1,89,89,89
2026-08-17,seventh,1,73,73,73
2026-08-17,seventh,1,33,33,33
2026-08-17,seventh,1,43,43,43
2026-08-17,seventh,1,14,14,14
2026-08-17,seventh,1,21,21,21
2026-08-17,seventh,1,22,22,22
2026-08-17,seventh,2,61,61,61
2026-08-17,seventh,2,89,89,89
2026-08-17,seventh,2,66,66,66
2026-08-17,seventh,2,54,54,54
2026-08-17,seventh,2,26,26,26
2026-08-17,seventh,2,97,97,97
2026-08-17,seventh,2,92,92,92
2026-08-17,seventh,3,76,76,76
2026-08-17,seventh,3,52,52,52
2026-08-17,seventh,3,52,52,52
2026-08-17,seventh,3,69,69,69
2026-08-17,seventh,3,19,19,19
2026-08-17,seventh,3,42,42,42
2026-08-17,seventh,3,40,40,40
2026-08-17,seventh,4,71,71,71
2026-08-17,seventh,4,54,54,54
2026-08-17,seventh,4,04,04,04
2026-08-17,seventh,4,64,64,64
2026-08-17,seventh,4,34,34,34
2026-08-17,seventh,4,00,00,00
2026-08-17,seventh,4,00,00,00
2026-08-17,sixth,1,544,544,44
2026-08-17,sixth,1,964,964,64
2026-08-17,sixth,1,790,790,90
2026-08-17,sixth,1,240,240,40
2026-08-17,sixth,1,181,181,81
2026-08-17,sixth,1,540,540,40
2026-08-17,sixth,1,982,982,82
2026-08-17,sixth,2,687,687,87
2026-08-17,sixth,2,938,938,38
2026-08-17,sixth,2,558,558,58
2026-08-17,sixth,2,470,470,70
2026-08-17,sixth,2,587,587,87
2026-08-17,sixth,2,059,059,59
2026-08-17,sixth,2,824,824,24
2026-08-17,sixth,3,080,080,80
2026-08-17,sixth,3,433,433,33
2026-08-17,sixth,3,928,928,28
2026-08-17,sixth,3,855,855,55
2026-08-17,sixth,3,525,525,25
2026-08-17,sixth,3,081,081,81
2026-08-17,sixth,3,787,787,87
2026-08-17,special,1,01939,01939,39
2026-08-17,special,1,14696,14696,96
2026-08-17,special,1,80278,80278,78
2026-08-17,special,1,80018,80018,18
2026-08-17,special,1,79344,79344,44
2026-08-17,special,1,82326,82326,26
2026-08-17,special,1,92191,92191,91
2026-08-17,third,1,63160,63160,60
2026-08-17,third,1,33329,33329,29
2026-08-17,third,1,71946,71946,46
2026-08-17,third,1,41944,41944,44
2026-08-17,third,1,55981,55981,81
2026-08-17,third,1,50195,50195,95
2026-08-17,third,1,58345,58345,45
2026-08-17,third,2,75617,75617,17
2026-08-17,third,2,76533,76533,33
2026-08-17,third,2,84077,84077,77
2026-08-17,third,2,45738,45738,38
2026-08-17,third,2,70111,70111,11
2026-08-17,third,2,46812,46812,12
2026-08-17,third,2,86863,86863,63
2026-08-17,third,3,41941,41941,41
2026-08-17,third,3,80510,80510,10
2026-08-17,third,3,83718,83718,18
2026-08-17,third,3,71720,71720,20
2026-08-17,third,3,58720,58720,20
2026-08-17,third,3,80982,80982,82
2026-08-17,third,3,36851,36851,51
2026-08-17,third,4,01983,01983,83
2026-08-17,third,4,16133,16133,33
2026-08-17,third,4,45800,45800,00
2026-08-17,third,4,81217,81217,17
2026-08-17,third,4,59614,59614,14
2026-08-17,third,4,66597,66597,97
2026-08-17,third,4,91550,91550,50
2026-08-17,third,5,19790,19790,90
2026-08-17,third,5,15073,15073,73
2026-08-17,third,5,97287,97287,87
2026-08-17,third,5,65909,65909,09
2026-08-17,third,5,16508,16508,08
2026-08-17,third,5,76120,76120,20
2026-08-17,third,5,59891,59891,91
2026-08-17,third,6,87235,87235,35
2026-08-17,third,6,15006,15006,06
2026-08-17,third,6,77363,77363,63
2026-08-17,third,6,66106,66106,06
2026-08-17,third,6,49317,49317,17
2026-08-17,third,6,13434,13434,34
2026-08-17,third,6,01824,01824,24
2026-08-18,fifth,1,7962,7962,62
2026-08-18,fifth,1,1827,1827,27
2026-08-18,fifth,1,2300,2300,00
2026-08-18,fifth,1,4027,4027,27
2026-08-18,fifth,1,4236,4236,36
2026-08-18,fifth,1,5054,5054,54
2026-08-18,fifth,1,3050,3050,50
2026-08-18,fifth,2,4616,4616,16
2026-08-18,fifth,2,1645,1645,45
2026-08-18,fifth,2,6408,6408,08
2026-08-18,fifth,2,2547,2547,47
2026-08-18,fifth,2,6562,6562,62
2026-08-18,fifth,2,5569,5569,69
2026-08-18,fifth,2,2194,2194,94
2026-08-18,fifth,3,0776,0776,76
2026-08-18,fifth,3,0126,0126,26
2026-08-18,fifth,3,5948,5948,48
2026-08-18,fifth,3,1283,1283,83
2026-08-18,fifth,3,7088,7088,88
2026-08-18,fifth,3,1276,1276,76
2026-08-18,fifth,3,4509,4509,09
2026-08-18,fifth,4,8699,8699,99
2026-08-18,fifth,4,8400,8400,00
2026-08-18,fifth,4,4631,4631,31
2026-08-18,fifth,4,5647,5647,47
2026-08-18,fifth,4,9520,9520,20
2026-08-18,fifth,4,0464,0464,64
2026-08-18,fifth,4,7308,7308,08
2026-08-18,fifth,5,4334,4334,34
2026-08-18,fifth,5,4048,4048,48
2026-08-18,fifth,5,6950,6950,50
2026-08-18,fifth,5,6635,6635,35
2026-08-18,fifth,5,1472,1472,72
2026-08-18,fifth,5,9015,9015,15
2026-08-18,fifth,5,9434,9434,34
2026-08-18,fifth,6,2074,2074,74
2026-08-18,fifth,6,2770,2770,70
2026-08-18,fifth,6,2621,2621,21
2026-08-18,fifth,6,0761,0761,61
2026-08-18,fifth,6,2629,2629,29
2026-08-18,fifth,6,5688,5688,88
2026-08-18,fifth,6,6888,6888,88
2026-08-18,first,1,55349,55349,49
2026-08-18,first,1,77200,77200,00
2026-08-18,first,1,34229,34229,29
2026-08-18,first,1,97028,97028,28
2026-08-18,first,1,29580,29580,80
2026-08-18,first,1,29044,29044,44
2026-08-18,first,1,31773,31773,73
2026-08-18,fourth,1,6985,6985,85
2026-08-18,fourth,1,8355,8355,55
2026-08-18,fourth,1,9256,9256,56
2026-08-18,fourth,1,6233,6233,33
2026-08-18,fourth,1,6940,6940,40
2026-08-18,fourth,1,2360,2360,60
2026-08-18,fourth,1,0172,0172,72
2026-08-18,fourth,2,4935,4935,35
2026-08-18,fourth,2,3614,3614,14
2026-08-18,fourth,2,9622,9622,22
2026-08-18,fourth,2,3434,3434,34
2026-08-18,fourth,2,4034,4034,34
2026-08-18,fourth,2,5647,5647,47
2026-08-18,fourth,2,0162,0162,62
2026-08-18,fourth,3,9042,9042,42
2026-08-18,fourth,3,7074,7074,74
2026-08-18,fourth,3,3649,3649,49
2026-08-18,fourth,3,5381,5381,81
2026-08-18,fourth,3,0405,0405,05
2026-08-18,fourth,3,9651,9651,51
2026-08-18,fourth,3,3526,3526,26
2026-08-18,fourth,4,1686,1686,86
2026-08-18,fourth,4,8014,8014,14
2026-08-18,fourth,4,2715,2715,15
2026-08-18,fourth,4,6127,6127,27
2026-08-18,fourth,4,1035,1035,35
2026-08-18,fourth,4,3020,3020,20
2026-08-18,fourth,4,0188,0188,88
2026-08-18,second,1,37265,37265,65
2026-08-18,second,1,76612,76612,12
2026-08-18,second,1,82514,82514,14
2026-08-18,second,1,57724,57724,24
2026-08-18,second,1,53595,53595,95
2026-08-18,second,1,43644,43644,44
2026-08-18,second,1,64497,64497,97
2026-08-18,second,2,21266,21266,66
2026-08-18,second,2,06154,06154,54
2026-08-18,second,2,90636,90636,36
2026-08-18,second,2,00834,00834,34
2026-08-18,second,2,57908,57908,08
2026-08-18,second,2,08236,08236,36
2026-08-18,second,2,88592,88592,92
2026-08-18,seventh,1,51,51,51
2026-08-18,seventh,1,89,89,89
2026-08-18,seventh,1,73,73,73
2026-08-18,seventh,1,33,33,33
2026-08-18,seventh,1,43,43,43
2026-08-18,seventh,1,14,14,14
2026-08-18,seventh,1,21,21,21
2026-08-18,seventh,2,04,04,04
2026-08-18,seventh,2,61,61,61
2026-08-18,seventh,2,89,89,89
2026-08-18,seventh,2,66,66,66
2026-08-18,seventh,2,54,54,54
2026-08-18,seventh,2,26,26,26
2026-08-18,seventh,2,97,97,97
2026-08-18,seventh,3,92,92,92
2026-08-18,seventh,3,76,76,76
2026-08-18,seventh,3,52,52,52
2026-08-18,seventh,3,52,52,52
2026-08-18,seventh,3,69,69,69
2026-08-18,seventh,3,19,19,19
2026-08-18,seventh,3,42,42,42
2026-08-18,seventh,4,13,13,13
2026-08-18,seventh,4,71,71,71
2026-08-18,seventh,4,54,54,54
2026-08-18,seventh,4,04,04,04
2026-08-18,seventh,4,64,64,64
2026-08-18,seventh,4,34,34,34
2026-08-18,seventh,4,00,00,00
2026-08-18,sixth,1,873,873,73
2026-08-18,sixth,1,544,544,44
2026-08-18,sixth,1,964,964,64
2026-08-18,sixth,1,790,790,90
2026-08-18,sixth,1,240,240,40
2026-08-18,sixth,1,181,181,81
2026-08-18,sixth,1,540,540,40
2026-08-18,sixth,2,082,082,82
2026-08-18,sixth,2,687,687,87
2026-08-18,sixth,2,938,938,38
2026-08-18,sixth,2,558,558,58
2026-08-18,sixth,2,470,470,70
2026-08-18,sixth,2,587,587,87
2026-08-18,sixth,2,059,059,59
2026-08-18,sixth,3,954,954,54
2026-08-18,sixth,3,080,080,80
2026-08-18,sixth,3,433,433,33
2026-08-18,sixth,3,928,928,28
2026-08-18,sixth,3,855,855,55
2026-08-18,sixth,3,525,525,25
2026-08-18,sixth,3,081,081,81
2026-08-18,special,1,29183,29183,83
2026-08-18,special,1,01939,01939,39
2026-08-18,special,1,14696,14696,96
2026-08-18,special,1,80278,80278,78
2026-08-18,special,1,80018,80018,18
2026-08-18,special,1,79344,79344,44
2026-08-18,special,1,82326,82326,26
2026-08-18,third,1,40833,40833,33
2026-08-18,third,1,63160,63160,60
2026-08-18,third,1,33329,33329,29
2026-08-18,third,1,71946,71946,46
2026-08-18,third,1,41944,41944,44
2026-08-18,third,1,55981,55981,81
2026-08-18,third,1,50195,50195,95
2026-08-18,third,2,36729,36729,29
2026-08-18,third,2,75617,75617,17
2026-08-18,third,2,76533,76533,33
2026-08-18,third,2,84077,84077,77
2026-08-18,third,2,45738,45738,38
2026-08-18,third,2,70111,70111,11
2026-08-18,third,2,46812,46812,12
2026-08-18,third,3,67077,67077,77
2026-08-18,third,3,41941,41941,41
2026-08-18,third,3,80510,80510,10
2026-08-18,third,3,83718,83718,18
2026-08-18,third,3,71720,71720,20
2026-08-18,third,3,58720,58720,20
2026-08-18,third,3,80982,80982,82
2026-08-18,third,4,56251,56251,51
2026-08-18,third,4,01983,01983,83
2026-08-18,third,4,16133,16133,33
2026-08-18,third,4,45800,45800,00
2026-08-18,third,4,81217,81217,17
2026-08-18,third,4,59614,59614,14
2026-08-18,third,4,66597,66597,97
2026-08-18,third,5,97269,97269,69
2026-08-18,third,5,19790,19790,90
2026-08-18,third,5,15073,15073,73
2026-08-18,third,5,97287,97287,87
2026-08-18,third,5,65909,65909,09
2026-08-18,third,5,16508,16508,08
2026-08-18,third,5,76120,76120,20
2026-08-18,third,6,23553,23553,53
2026-08-18,third,6,87235,87235,35
2026-08-18,third,6,15006,15006,06
2026-08-18,third,6,77363,77363,63
2026-08-18,third,6,66106,66106,06
2026-08-18,third,6,49317,49317,17
2026-08-18,third,6,13434,13434,34
2026-08-19,fifth,1,9070,9070,70
2026-08-19,fifth,1,7962,7962,62
2026-08-19,fifth,1,1827,1827,27
2026-08-19,fifth,1,2300,2300,00
2026-08-19,fifth,1,4027,4027,27
2026-08-19,fifth,1,4236,4236,36
2026-08-19,fifth,1,5054,5054,54
2026-08-19,fifth,2,9942,9942,42
2026-08-19,fifth,2,4616,4616,16
2026-08-19,fifth,2,1645,1645,45
2026-08-19,fifth,2,6408,6408,08
2026-08-19,fifth,2,2547,2547,47
2026-08-19,fifth,2,6562,6562,62
2026-08-19,fifth,2,5569,5569,69
2026-08-19,fifth,3,5633,5633,33
2026-08-19,fifth,3,0776,0776,76
2026-08-19,fifth,3,0126,0126,26
2026-08-19,fifth,3,5948,5948,48
2026-08-19,fifth,3,1283,1283,83
2026-08-19,fifth,3,7088,7088,88
2026-08-19,fifth,3,1276,1276,76
2026-08-19,fifth,4,9635,9635,35
2026-08-19,fifth,4,8699,8699,99
2026-08-19,fifth,4,8400,8400,00
2026-08-19,fifth,4,4631,4631,31
2026-08-19,fifth,4,5647,5647,47
2026-08-19,fifth,4,9520,9520,20
2026-08-19,fifth,4,0464,0464,64
2026-08-19,fifth,5,9813,9813,13
2026-08-19,fifth,5,4334,4334,34
2026-08-19,fifth,5,4048,4048,48
2026-08-19,fifth,5,6950,6950,50
2026-08-19,fifth,5,6635,6635,35
2026-08-19,fifth,5,1472,1472,72
2026-08-19,fifth,5,9015,9015,15
2026-08-19,fifth,6,1369,1369,69
2026-08-19,fifth,6,2074,2074,74
2026-08-19,fifth,6,2770,2770,70
2026-08-19,fifth,6,2621,2621,21
2026-08-19,fifth,6,0761,0761,61
2026-08-19,fifth,6,2629,2629,29
2026-08-19,fifth,6,5688,5688,88
2026-08-19,first,1,09217,09217,17
2026-08-19,first,1,55349,55349,49
2026-08-19,first,1,77200,77200,00
2026-08-19,first,1,34229,34229,29
2026-08-19,first,1,97028,97028,28
2026-08-19,first,1,29580,29580,80
2026-08-19,first,1,29044,29044,44
2026-08-19,fourth,1,5077,5077,77
2026-08-19,fourth,1,6985,6985,85
2026-08-19,fourth,1,8355,8355,55
2026-08-19,fourth,1,9256,9256,56
2026-08-19,fourth,1,6233,6233,33
2026-08-19,fourth,1,6940,6940,40
2026-08-19,fourth,1,2360,2360,60
2026-08-19,fourth,2,4420,4420,20
2026-08-19,fourth,2,4935,4935,35
2026-08-19,fourth,2,3614,3614,14
2026-08-19,fourth,2,9622,9622,22
2026-08-19,fourth,2,3434,3434,34
2026-08-19,fourth,2,4034,4034,34
2026-08-19,fourth,2,5647,5647,47
2026-08-19,fourth,3,4911,4911,11
2026-08-19,fourth,3,9042,9042,42
2026-08-19,fourth,3,7074,7074,74
2026-08-19,fourth,3,3649,3649,49
2026-08-19,fourth,3,5381,5381,81
2026-08-19,fourth,3,0405,0405,05
2026-08-19,fourth,3,9651,9651,51
2026-08-19,fourth,4,6688,6688,88
2026-08-19,fourth,4,1686,1686,86
2026-08-19,fourth,4,8014,8014,14
2026-08-19,fourth,4,2715,2715,15
2026-08-19,fourth,4,6127,6127,27
2026-08-19,fourth,4,1035,1035,35
2026-08-19,fourth,4,3020,3020,20
2026-08-19,second,1,23962,23962,62
2026-08-19,second,1,37265,37265,65
2026-08-19,second,1,76612,76612,12
2026-08-19,second,1,82514,82514,14
2026-08-19,second,1,57724,57724,24
2026-08-19,second,1,53595,53595,95
2026-08-19,second,1,43644,43644,44
2026-08-19,second,2,46930,46930,30
2026-08-19,second,2,21266,21266,66
2026-08-19,second,2,06154,06154,54
2026-08-19,second,2,90636,90636,36
2026-08-19,second,2,00834,00834,34
2026-08-19,second,2,57908,57908,08
2026-08-19,second,2,08236,08236,36
2026-08-19,seventh,1,19,19,19
2026-08-19,seventh,1,51,51,51
2026-08-19,seventh,1,89,89,89
2026-08-19,seventh,1,73,73,73
2026-08-19,seventh,1,33,33,33
2026-08-19,seventh,1,43,43,43
2026-08-19,seventh,1,14,14,14
2026-08-19,seventh,2,11,11,11
2026-08-19,seventh,2,04,04,04
2026-08-19,seventh,2,61,61,61
2026-08-19,seventh,2,89,89,89
2026-08-19,seventh,2,66,66,66
2026-08-19,seventh,2,54,54,54
2026-08-19,seventh,2,26,26,26
2026-08-19,seventh,3,73,73,73
2026-08-19,seventh,3,92,92,92
2026-08-19,seventh,3,76,76,76
2026-08-19,seventh,3,52,52,52
2026-08-19,seventh,3,52,52,52
2026-08-19,seventh,3,69,69,69
2026-08-19,seventh,3,19,19,19
2026-08-19,seventh,4,54,54,54
2026-08-19,seventh,4,13,13,13
2026-08-19,seventh,4,71,71,71
2026-08-19,seventh,4,54,54,54
2026-08-19,seventh,4,04,04,04
2026-08-19,seventh,4,64,64,64
2026-08-19,seventh,4,34,34,34
2026-08-19,sixth,1,189,189,89
2026-08-19,sixth,1,873,873,73
2026-08-19,sixth,1,544,544,44
2026-08-19,sixth,1,964,964,64
2026-08-19,sixth,1,790,790,90
2026-08-19,sixth,1,240,240,40
2026-08-19,sixth,1,181,181,81
2026-08-19,sixth,2,011,011,11
2026-08-19,sixth,2,082,082,82
2026-08-19,sixth,2,687,687,87
2026-08-19,sixth,2,938,938,38
2026-08-19,sixth,2,558,558,58
2026-08-19,sixth,2,470,470,70
2026-08-19,sixth,2,587,587,87
2026-08-19,sixth,3,072,072,72
2026-08-19,sixth,3,954,954,54
2026-08-19,sixth,3,080,080,80
2026-08-19,sixth,3,433,433,33
2026-08-19,sixth,3,928,928,28
2026-08-19,sixth,3,855,855,55
2026-08-19,sixth,3,525,525,25
2026-08-19,special,1,13643,13643,43
2026-08-19,special,1,29183,29183,83
2026-08-19,special,1,01939,01939,39
2026-08-19,special,1,14696,14696,96
2026-08-19,special,1,80278,80278,78
2026-08-19,special,1,80018,80018,18
2026-08-19,special,1,79344,79344,44
2026-08-19,third,1,07981,07981,81
2026-08-19,third,1,40833,40833,33
2026-08-19,third,1,63160,63160,60
2026-08-19,third,1,33329,33329,29
2026-08-19,third,1,71946,71946,46
2026-08-19,third,1,41944,41944,44
2026-08-19,third,1,55981,55981,81
2026-08-19,third,2,14318,14318,18
2026-08-19,third,2,36729,36729,29
2026-08-19,third,2,75617,75617,17
2026-08-19,third,2,76533,76533,33
2026-08-19,third,2,84077,84077,77
2026-08-19,third,2,45738,45738,38
2026-08-19,third,2,70111,70111,11
2026-08-19,third,3,66351,66351,51
2026-08-19,third,3,67077,67077,77
2026-08-19,third,3,41941,41941,41
2026-08-19,third,3,80510,80510,10
2026-08-19,third,3,83718,83718,18
2026-08-19,third,3,71720,71720,20
2026-08-19,third,3,58720,58720,20
2026-08-19,third,4,73807,73807,07
2026-08-19,third,4,56251,56251,51
2026-08-19,third,4,01983,01983,83
2026-08-19,third,4,16133,16133,33
2026-08-19,third,4,45800,45800,00
2026-08-19,third,4,81217,81217,17
2026-08-19,third,4,59614,59614,14
2026-08-19,third,5,06781,06781,81
2026-08-19,third,5,97269,97269,69
2026-08-19,third,5,19790,19790,90
2026-08-19,third,5,15073,15073,73
2026-08-19,third,5,97287,97287,87
2026-08-19,third,5,65909,65909,09
2026-08-19,third,5,16508,16508,08
2026-08-19,third,6,90948,90948,48
2026-08-19,third,6,23553,23553,53
2026-08-19,third,6,87235,87235,35
2026-08-19,third,6,15006,15006,06
2026-08-19,third,6,77363,77363,63
2026-08-19,third,6,66106,66106,06
2026-08-19,third,6,49317,49317,17
2026-08-20,fifth,1,5404,5404,04
2026-08-20,fifth,1,9070,9070,70
2026-08-20,fifth,1,7962,7962,62
2026-08-20,fifth,1,1827,1827,27
2026-08-20,fifth,1,2300,2300,00
2026-08-20,fifth,1,4027,4027,27
2026-08-20,fifth,1,4236,4236,36
2026-08-20,fifth,2,1432,1432,32
2026-08-20,fifth,2,9942,9942,42
2026-08-20,fifth,2,4616,4616,16
2026-08-20,fifth,2,1645,1645,45
2026-08-20,fifth,2,6408,6408,08
2026-08-20,fifth,2,2547,2547,47
2026-08-20,fifth,2,6562,6562,62
2026-08-20,fifth,3,4959,4959,59
2026-08-20,fifth,3,5633,5633,33
2026-08-20,fifth,3,0776,0776,76
2026-08-20,fifth,3,0126,0126,26
2026-08-20,fifth,3,5948,5948,48
2026-08-20,fifth,3,1283,1283,83
2026-08-20,fifth,3,7088,7088,88
2026-08-20,fifth,4,9897,9897,97
2026-08-20,fifth,4,9635,9635,35
2026-08-20,fifth,4,8699,8699,99
2026-08-20,fifth,4,8400,8400,00
2026-08-20,fifth,4,4631,4631,31
2026-08-20,fifth,4,5647,5647,47
2026-08-20,fifth,4,9520,9520,20
2026-08-20,fifth,5,3794,3794,94
2026-08-20,fifth,5,9813,9813,13
2026-08-20,fifth,5,4334,4334,34
2026-08-20,fifth,5,4048,4048,48
2026-08-20,fifth,5,6950,6950,50
2026-08-20,fifth,5,6635,6635,35
2026-08-20,fifth,5,1472,1472,72
2026-08-20,fifth,6,2391,2391,91
2026-08-20,fifth,6,1369,1369,69
2026-08-20,fifth,6,2074,2074,74
2026-08-20,fifth,6,2770,2770,70
2026-08-20,fifth,6,2621,2621,21
2026-08-20,fifth,6,0761,0761,61
2026-08-20,fifth,6,2629,2629,29
2026-08-20,first,1,03402,03402,02
2026-08-20,first,1,09217,09217,17
2026-08-20,first,1,55349,55349,49
2026-08-20,first,1,77200,77200,00
2026-08-20,first,1,34229,34229,29
2026-08-20,first,1,97028,97028,28
2026-08-20,first,1,29580,29580,80
2026-08-20,fourth,1,4096,4096,96
2026-08-20,fourth,1,5077,5077,77
2026-08-20,fourth,1,6985,6985,85
2026-08-20,fourth,1,8355,8355,55
2026-08-20,fourth,1,9256,9256,56
2026-08-20,fourth,1,6233,6233,33
2026-08-20,fourth,1,6940,6940,40
2026-08-20,fourth,2,2934,2934,34
2026-08-20,fourth,2,4420,4420,20
2026-08-20,fourth,2,4935,4935,35
2026-08-20,fourth,2,3614,3614,14
2026-08-20,fourth,2,9622,9622,22
2026-08-20,fourth,2,3434,3434,34
2026-08-20,fourth,2,4034,4034,34
2026-08-20,fourth,3,0699,0699,99
2026-08-20,fourth,3,4911,4911,11
2026-08-20,fourth,3,9042,9042,42
2026-08-20,fourth,3,7074,7074,74
2026-08-20,fourth,3,3649,3649,49
2026-08-20,fourth,3,5381,5381,81
2026-08-20,fourth,3,0405,0405,05
2026-08-20,fourth,4,0661,0661,61
2026-08-20,fourth,4,6688,6688,88
2026-08-20,fourth,4,1686,1686,86
2026-08-20,fourth,4,8014,8014,14
2026-08-20,fourth,4,2715,2715,15
2026-08-20,fourth,4,6127,6127,27
2026-08-20,fourth,4,1035,1035,35
2026-08-20,second,1,71264,71264,64
2026-08-20,second,1,23962,23962,62
2026-08-20,second,1,37265,37265,65
2026-08-20,second,1,76612,76612,12
2026-08-20,second,1,82514,82514,14
2026-08-20,second,1,57724,57724,24
2026-08-20,second,1,53595,53595,95
2026-08-20,second,2,70743,70743,43
2026-08-20,second,2,46930,46930,30
2026-08-20,second,2,21266,21266,66
2026-08-20,second,2,06154,06154,54
2026-08-20,second,2,90636,90636,36
2026-08-20,second,2,00834,00834,34
2026-08-20,second,2,57908,57908,08
2026-08-20,seventh,1,88,88,88
2026-08-20,seventh,1,19,19,19
2026-08-20,seventh,1,51,51,51
2026-08-20,seventh,1,89,89,89
2026-08-20,seventh,1,73,73,73
2026-08-20,seventh,1,33,33,33
2026-08-20,seventh,1,43,43,43
2026-08-20,seventh,2,34,34,34
2026-08-20,seventh,2,11,11,11
2026-08-20,seventh,2,04,04,04
2026-08-20,seventh,2,61,61,61
2026-08-20,seventh,2,89,89,89
2026-08-20,seventh,2,66,66,66
2026-08-20,seventh,2,54,54,54
2026-08-20,seventh,3,47,47,47
2026-08-20,seventh,3,73,73,73
2026-08-20,seventh,3,92,92,92
2026-08-20,seventh,3,76,76,76
2026-08-20,seventh,3,52,52,52
2026-08-20,seventh,3,52,52,52
2026-08-20,seventh,3,69,69,69
2026-08-20,seventh,4,00,00,00
2026-08-20,seventh,4,54,54,54
2026-08-20,seventh,4,13,13,13
2026-08-20,seventh,4,71,71,71
2026-08-20,seventh,4,54,54,54
2026-08-20,seventh,4,04,04,04
2026-08-20,seventh,4,64,64,64
2026-08-20,sixth,1,468,468,68
2026-08-20,sixth,1,189,189,89
2026-08-20,sixth,1,873,873,73
2026-08-20,sixth,1,544,544,44
2026-08-20,sixth,1,964,964,64
2026-08-20,sixth,1,790,790,90
2026-08-20,sixth,1,240,240,40
2026-08-20,sixth,2,074,074,74
2026-08-20,sixth,2,011,011,11
2026-08-20,sixth,2,082,082,82
2026-08-20,sixth,2,687,687,87
2026-08-20,sixth,2,938,938,38
2026-08-20,sixth,2,558,558,58
2026-08-20,sixth,2,470,470,70
2026-08-20,sixth,3,622,622,22
2026-08-20,sixth,3,072,072,72
2026-08-20,sixth,3,954,954,54
2026-08-20,sixth,3,080,080,80
2026-08-20,sixth,3,433,433,33
2026-08-20,sixth,3,928,928,28
2026-08-20,sixth,3,855,855,55
2026-08-20,special,1,07523,07523,23
2026-08-20,special,1,13643,13643,43
2026-08-20,special,1,29183,29183,83
2026-08-20,special,1,01939,01939,39
2026-08-20,special,1,14696,14696,96
2026-08-20,special,1,80278,80278,78
2026-08-20,special,1,80018,80018,18
2026-08-20,third,1,23922,23922,22
2026-08-20,third,1,07981,07981,81
2026-08-20,third,1,40833,40833,33
2026-08-20,third,1,63160,63160,60
2026-08-20,third,1,33329,33329,29
2026-08-20,third,1,71946,71946,46
2026-08-20,third,1,41944,41944,44
2026-08-20,third,2,98532,98532,32
2026-08-20,third,2,14318,14318,18
2026-08-20,third,2,36729,36729,29
2026-08-20,third,2,75617,75617,17
2026-08-20,third,2,76533,76533,33
2026-08-20,third,2,84077,84077,77
2026-08-20,third,2,45738,45738,38
2026-08-20,third,3,50759,50759,59
2026-08-20,third,3,66351,66351,51
2026-08-20,third,3,67077,67077,77
2026-08-20,third,3,41941,41941,41
2026-08-20,third,3,80510,80510,10
2026-08-20,third,3,83718,83718,18
2026-08-20,third,3,71720,71720,20
2026-08-20,third,4,33811,33811,11
2026-08-20,third,4,73807,73807,07
2026-08-20,third,4,56251,56251,51
2026-08-20,third,4,01983,01983,83
2026-08-20,third,4,16133,16133,33
2026-08-20,third,4,45800,45800,00
2026-08-20,third,4,81217,81217,17
2026-08-20,third,5,64437,64437,37
2026-08-20,third,5,06781,06781,81
2026-08-20,third,5,97269,97269,69
2026-08-20,third,5,19790,19790,90
2026-08-20,third,5,15073,15073,73
2026-08-20,third,5,97287,97287,87
2026-08-20,third,5,65909,65909,09
2026-08-20,third,6,25606,25606,06
2026-08-20,third,6,90948,90948,48
2026-08-20,third,6,23553,23553,53
2026-08-20,third,6,87235,87235,35
2026-08-20,third,6,15006,15006,06
2026-08-20,third,6,77363,77363,63
2026-08-20,third,6,66106,66106,06
2026-08-21,fifth,1,0730,0730,30
2026-08-21,fifth,1,5404,5404,04
2026-08-21,fifth,1,9070,9070,70
2026-08-21,fifth,1,7962,7962,62
2026-08-21,fifth,1,1827,1827,27
2026-08-21,fifth,1,2300,2300,00
2026-08-21,fifth,1,4027,4027,27
2026-08-21,fifth,2,5132,5132,32
2026-08-21,fifth,2,1432,1432,32
2026-08-21,fifth,2,9942,9942,42
2026-08-21,fifth,2,4616,4616,16
2026-08-21,fifth,2,1645,1645,45
2026-08-21,fifth,2,6408,6408,08
2026-08-21,fifth,2,2547,2547,47
2026-08-21,fifth,3,2761,2761,61
2026-08-21,fifth,3,4959,4959,59
2026-08-21,fifth,3,5633,5633,33
2026-08-21,fifth,3,0776,0776,76
2026-08-21,fifth,3,0126,0126,26
2026-08-21,fifth,3,5948,5948,48
2026-08-21,fifth,3,1283,1283,83
2026-08-21,fifth,4,7268,7268,68
2026-08-21,fifth,4,9897,9897,97
2026-08-21,fifth,4,9635,9635,35
2026-08-21,fifth,4,8699,8699,99
2026-08-21,fifth,4,8400,8400,00
2026-08-21,fifth,4,4631,4631,31
2026-08-21,fifth,4,5647,5647,47
2026-08-21,fifth,5,9875,9875,75
2026-08-21,fifth,5,3794,3794,94
2026-08-21,fifth,5,9813,9813,13
2026-08-21,fifth,5,4334,4334,34
2026-08-21,fifth,5,4048,4048,48
2026-08-21,fifth,5,6950,6950,50
2026-08-21,fifth,5,6635,6635,35
2026-08-21,fifth,6,7853,7853,53
2026-08-21,fifth,6,2391,2391,91
2026-08-21,fifth,6,1369,1369,69
2026-08-21,fifth,6,2074,2074,74
2026-08-21,fifth,6,2770,2770,70
2026-08-21,fifth,6,2621,2621,21
2026-08-21,fifth,6,0761,0761,61
2026-08-21,first,1,87299,87299,99
2026-08-21,first,1,03402,03402,02
2026-08-21,first,1,09217,09217,17
2026-08-21,first,1,55349,55349,49
2026-08-21,first,1,77200,77200,00
2026-08-21,first,1,34229,34229,29
2026-08-21,first,1,97028,97028,28
2026-08-21,fourth,1,8080,8080,80
2026-08-21,fourth,1,4096,4096,96
2026-08-21,fourth,1,5077,5077,77
2026-08-21,fourth,1,6985,6985,85
2026-08-21,fourth,1,8355,8355,55
2026-08-21,fourth,1,9256,9256,56
2026-08-21,fourth,1,6233,6233,33
2026-08-21,fourth,2,0634,0634,34
2026-08-21,fourth,2,2934,2934,34
2026-08-21,fourth,2,4420,4420,20
2026-08-21,fourth,2,4935,4935,35
2026-08-21,fourth,2,3614,3614,14
2026-08-21,fourth,2,9622,9622,22
2026-08-21,fourth,2,3434,3434,34
2026-08-21,fourth,3,7554,7554,54
2026-08-21,fourth,3,0699,0699,99
2026-08-21,fourth,3,4911,4911,11
2026-08-21,fourth,3,9042,9042,42
2026-08-21,fourth,3,7074,7074,74
2026-08-21,fourth,3,3649,3649,49
2026-08-21,fourth,3,5381,5381,81
2026-08-21,fourth,4,4394,4394,94
2026-08-21,fourth,4,0661,0661,61
2026-08-21,fourth,4,6688,6688,88
2026-08-21,fourth,4,1686,1686,86
2026-08-21,fourth,4,8014,8014,14
2026-08-21,fourth,4,2715,2715,15
2026-08-21,fourth,4,6127,6127,27
2026-08-21,second,1,40109,40109,09
2026-08-21,second,1,71264,71264,64
2026-08-21,second,1,23962,23962,62
2026-08-21,second,1,37265,37265,65
2026-08-21,second,1,76612,76612,12
2026-08-21,second,1,82514,82514,14
2026-08-21,second,1,57724,57724,24
2026-08-21,second,2,41819,41819,19
2026-08-21,second,2,70743,70743,43
2026-08-21,second,2,46930,46930,30
2026-08-21,second,2,21266,21266,66
2026-08-21,second,2,06154,06154,54
2026-08-21,second,2,90636,90636,36
2026-08-21,second,2,00834,00834,34
2026-08-21,seventh,1,95,95,95
2026-08-21,seventh,1,88,88,88
2026-08-21,seventh,1,19,19,19
2026-08-21,seventh,1,51,51,51
2026-08-21,seventh,1,89,89,89
2026-08-21,seventh,1,73,73,73
2026-08-21,seventh,1,33,33,33
2026-08-21,seventh,2,35,35,35
2026-08-21,seventh,2,34,34,34
2026-08-21,seventh,2,11,11,11
2026-08-21,seventh,2,04,04,04
2026-08-21,seventh,2,61,61,61
2026-08-21,seventh,2,89,89,89
2026-08-21,seventh,2,66,66,66
2026-08-21,seventh,3,99,99,99
2026-08-21,seventh,3,47,47,47
2026-08-21,seventh,3,73,73,73
2026-08-21,seventh,3,92,92,92
2026-08-21,seventh,3,76,76,76
2026-08-21,seventh,3,52,52,52
2026-08-21,seventh,3,52,52,52
2026-08-21,seventh,4,67,67,67
2026-08-21,seventh,4,00,00,00
2026-08-21,seventh,4,54,54,54
2026-08-21,seventh,4,13,13,13
2026-08-21,seventh,4,71,71,71
2026-08-21,seventh,4,54,54,54
2026-08-21,seventh,4,04,04,04
2026-08-21,sixth,1,440,440,40
2026-08-21,sixth,1,468,468,68
2026-08-21,sixth,1,189,189,89
2026-08-21,sixth,1,873,873,73
2026-08-21,sixth,1,544,544,44
2026-08-21,sixth,1,964,964,64
2026-08-21,sixth,1,790,790,90
2026-08-21,sixth,2,427,427,27
2026-08-21,sixth,2,074,074,74
2026-08-21,sixth,2,011,011,11
2026-08-21,sixth,2,082,082,82
2026-08-21,sixth,2,687,687,87
2026-08-21,sixth,2,938,938,38
2026-08-21,sixth,2,558,558,58
2026-08-21,sixth,3,521,521,21
2026-08-21,sixth,3,622,622,22
2026-08-21,sixth,3,072,072,72
2026-08-21,sixth,3,954,954,54
2026-08-21,sixth,3,080,080,80
2026-08-21,sixth,3,433,433,33
2026-08-21,sixth,3,928,928,28
2026-08-21,special,1,94533,94533,33
2026-08-21,special,1,07523,07523,23
2026-08-21,special,1,13643,13643,43
2026-08-21,special,1,29183,29183,83
2026-08-21,special,1,01939,01939,39
2026-08-21,special,1,14696,14696,96
2026-08-21,special,1,80278,80278,78
2026-08-21,third,1,92539,92539,39
2026-08-21,third,1,23922,23922,22
2026-08-21,third,1,07981,07981,81
2026-08-21,third,1,40833,40833,33
2026-08-21,third,1,63160,63160,60
2026-08-21,third,1,33329,33329,29
2026-08-21,third,1,71946,71946,46
2026-08-21,third,2,09590,09590,90
2026-08-21,third,2,98532,98532,32
2026-08-21,third,2,14318,14318,18
2026-08-21,third,2,36729,36729,29
2026-08-21,third,2,75617,75617,17
2026-08-21,third,2,76533,76533,33
2026-08-21,third,2,84077,84077,77
2026-08-21,third,3,56888,56888,88
2026-08-21,third,3,50759,50759,59
2026-08-21,third,3,66351,66351,51
2026-08-21,third,3,67077,67077,77
2026-08-21,third,3,41941,41941,41
2026-08-21,third,3,80510,80510,10
2026-08-21,third,3,83718,83718,18
2026-08-21,third,4,77064,77064,64
2026-08-21,third,4,33811,33811,11
2026-08-21,third,4,73807,73807,07
2026-08-21,third,4,56251,56251,51
2026-08-21,third,4,01983,01983,83
2026-08-21,third,4,16133,16133,33
2026-08-21,third,4,45800,45800,00
2026-08-21,third,5,24438,24438,38
2026-08-21,third,5,64437,64437,37
2026-08-21,third,5,06781,06781,81
2026-08-21,third,5,97269,97269,69
2026-08-21,third,5,19790,19790,90
2026-08-21,third,5,15073,15073,73
2026-08-21,third,5,97287,97287,87
2026-08-21,third,6,47960,47960,60
2026-08-21,third,6,25606,25606,06
2026-08-21,third,6,90948,90948,48
2026-08-21,third,6,23553,23553,53
2026-08-21,third,6,87235,87235,35
2026-08-21,third,6,15006,15006,06
2026-08-21,third,6,77363,77363,63
2026-08-22,fifth,1,0570,0570,70
2026-08-22,fifth,1,0730,0730,30
2026-08-22,fifth,1,5404,5404,04
2026-08-22,fifth,1,9070,9070,70
2026-08-22,fifth,1,7962,7962,62
2026-08-22,fifth,1,1827,1827,27
2026-08-22,fifth,1,2300,2300,00
2026-08-22,fifth,2,5252,5252,52
2026-08-22,fifth,2,5132,5132,32
2026-08-22,fifth,2,1432,1432,32
2026-08-22,fifth,2,9942,9942,42
2026-08-22,fifth,2,4616,4616,16
2026-08-22,fifth,2,1645,1645,45
2026-08-22,fifth,2,6408,6408,08
2026-08-22,fifth,3,4790,4790,90
2026-08-22,fifth,3,2761,2761,61
2026-08-22,fifth,3,4959,4959,59
2026-08-22,fifth,3,5633,5633,33
2026-08-22,fifth,3,0776,0776,76
2026-08-22,fifth,3,0126,0126,26
2026-08-22,fifth,3,5948,5948,48
2026-08-22,fifth,4,7707,7707,07
2026-08-22,fifth,4,7268,7268,68
2026-08-22,fifth,4,9897,9897,97
2026-08-22,fifth,4,9635,9635,35
2026-08-22,fifth,4,8699,8699,99
2026-08-22,fifth,4,8400,8400,00
2026-08-22,fifth,4,4631,4631,31
2026-08-22,fifth,5,6494,6494,94
2026-08-22,fifth,5,9875,9875,75
2026-08-22,fifth,5,3794,3794,94
2026-08-22,fifth,5,9813,9813,13
2026-08-22,fifth,5,4334,4334,34
2026-08-22,fifth,5,4048,4048,48
2026-08-22,fifth,5,6950,6950,50
2026-08-22,fifth,6,9516,9516,16
2026-08-22,fifth,6,7853,7853,53
2026-08-22,fifth,6,2391,2391,91
2026-08-22,fifth,6,1369,1369,69
2026-08-22,fifth,6,2074,2074,74
2026-08-22,fifth,6,2770,2770,70
2026-08-22,fifth,6,2621,2621,21
2026-08-22,first,1,80300,80300,00
2026-08-22,first,1,87299,87299,99
2026-08-22,first,1,03402,03402,02
2026-08-22,first,1,09217,09217,17
2026-08-22,first,1,55349,55349,49
2026-08-22,first,1,77200,77200,00
2026-08-22,first,1,34229,34229,29
2026-08-22,fourth,1,7740,7740,40
2026-08-22,fourth,1,8080,8080,80
2026-08-22,fourth,1,4096,4096,96
2026-08-22,fourth,1,5077,5077,77
2026-08-22,fourth,1,6985,6985,85
2026-08-22,fourth,1,8355,8355,55
2026-08-22,fourth,1,9256,9256,56
2026-08-22,fourth,2,7568,7568,68
2026-08-22,fourth,2,0634,0634,34
2026-08-22,fourth,2,2934,2934,34
2026-08-22,fourth,2,4420,4420,20
2026-08-22,fourth,2,4935,4935,35
2026-08-22,fourth,2,3614,3614,14
2026-08-22,fourth,2,9622,9622,22
2026-08-22,fourth,3,2767,2767,67
2026-08-22,fourth,3,7554,7554,54
2026-08-22,fourth,3,0699,0699,99
2026-08-22,fourth,3,4911,4911,11
2026-08-22,fourth,3,9042,9042,42
2026-08-22,fourth,3,7074,7074,74
2026-08-22,fourth,3,3649,3649,49
2026-08-22,fourth,4,8365,8365,65
2026-08-22,fourth,4,4394,4394,94
2026-08-22,fourth,4,0661,0661,61
2026-08-22,fourth,4,6688,6688,88
2026-08-22,fourth,4,1686,1686,86
2026-08-22,fourth,4,8014,8014,14
2026-08-22,fourth,4,2715,2715,15
2026-08-22,second,1,60683,60683,83
2026-08-22,second,1,40109,40109,09
2026-08-22,second,1,71264,71264,64
2026-08-22,second,1,23962,23962,62
2026-08-22,second,1,37265,37265,65
2026-08-22,second,1,76612,76612,12
2026-08-22,second,1,82514,82514,14
2026-08-22,second,2,51132,51132,32
2026-08-22,second,2,41819,41819,19
2026-08-22,second,2,70743,70743,43
2026-08-22,second,2,46930,46930,30
2026-08-22,second,2,21266,21266,66
2026-08-22,second,2,06154,06154,54
2026-08-22,second,2,90636,90636,36
2026-08-22,seventh,1,26,26,26
2026-08-22,seventh,1,95,95,95
2026-08-22,seventh,1,88,88,88
2026-08-22,seventh,1,19,19,19
2026-08-22,seventh,1,51,51,51
2026-08-22,seventh,1,89,89,89
2026-08-22,seventh,1,73,73,73
2026-08-22,seventh,2,09,09,09
2026-08-22,seventh,2,35,35,35
2026-08-22,seventh,2,34,34,34
2026-08-22,seventh,2,11,11,11
2026-08-22,seventh,2,04,04,04
2026-08-22,seventh,2,61,61,61
2026-08-22,seventh,2,89,89,89
2026-08-22,seventh,3,06,06,06
2026-08-22,seventh,3,99,99,99
2026-08-22,seventh,3,47,47,47
2026-08-22,seventh,3,73,73,73
2026-08-22,seventh,3,92,92,92
2026-08-22,seventh,3,76,76,76
2026-08-22,seventh,3,52,52,52
2026-08-22,seventh,4,64,64,64
2026-08-22,seventh,4,67,67,67
2026-08-22,seventh,4,00,00,00
2026-08-22,seventh,4,54,54,54
2026-08-22,seventh,4,13,13,13
2026-08-22,seventh,4,71,71,71
2026-08-22,seventh,4,54,54,54
2026-08-22,sixth,1,354,354,54
2026-08-22,sixth,1,440,440,40
2026-08-22,sixth,1,468,468,68
2026-08-22,sixth,1,189,189,89
2026-08-22,sixth,1,873,873,73
2026-08-22,sixth,1,544,544,44
2026-08-22,sixth,1,964,964,64
2026-08-22,sixth,2,649,649,49
2026-08-22,sixth,2,427,427,27
2026-08-22,sixth,2,074,074,74
2026-08-22,sixth,2,011,011,11
2026-08-22,sixth,2,082,082,82
2026-08-22,sixth,2,687,687,87
2026-08-22,sixth,2,938,938,38
2026-08-22,sixth,3,773,773,73
2026-08-22,sixth,3,521,521,21
2026-08-22,sixth,3,622,622,22
2026-08-22,sixth,3,072,072,72
2026-08-22,sixth,3,954,954,54
2026-08-22,sixth,3,080,080,80
2026-08-22,sixth,3,433,433,33
2026-08-22,special,1,60213,60213,13
2026-08-22,special,1,94533,94533,33
2026-08-22,special,1,07523,07523,23
2026-08-22,special,1,13643,13643,43
2026-08-22,special,1,29183,29183,83
2026-08-22,special,1,01939,01939,39
2026-08-22,special,1,14696,14696,96
2026-08-22,third,1,89384,89384,84
2026-08-22,third,1,92539,92539,39
2026-08-22,third,1,23922,23922,22
2026-08-22,third,1,07981,07981,81
2026-08-22,third,1,40833,40833,33
2026-08-22,third,1,63160,63160,60
2026-08-22,third,1,33329,33329,29
2026-08-22,third,2,11622,11622,22
2026-08-22,third,2,09590,09590,90
2026-08-22,third,2,98532,98532,32
2026-08-22,third,2,14318,14318,18
2026-08-22,third,2,36729,36729,29
2026-08-22,third,2,75617,75617,17
2026-08-22,third,2,76533,76533,33
2026-08-22,third,3,10383,10383,83
2026-08-22,third,3,56888,56888,88
2026-08-22,third,3,50759,50759,59
2026-08-22,third,3,66351,66351,51
2026-08-22,third,3,67077,67077,77
2026-08-22,third,3,41941,41941,41
2026-08-22,third,3,80510,80510,10
2026-08-22,third,4,09349,09349,49
2026-08-22,third,4,77064,77064,64
2026-08-22,third,4,33811,33811,11
2026-08-22,third,4,73807,73807,07
2026-08-22,third,4,56251,56251,51
2026-08-22,third,4,01983,01983,83
2026-08-22,third,4,16133,16133,33
2026-08-22,third,5,00136,00136,36
2026-08-22,third,5,24438,24438,38
2026-08-22,third,5,64437,64437,37
2026-08-22,third,5,06781,06781,81
2026-08-22,third,5,97269,97269,69
2026-08-22,third,5,19790,19790,90
2026-08-22,third,5,15073,15073,73
2026-08-22,third,6,47894,47894,94
2026-08-22,third,6,47960,47960,60
2026-08-22,third,6,25606,25606,06
2026-08-22,third,6,90948,90948,48
2026-08-22,third,6,23553,23553,53
2026-08-22,third,6,87235,87235,35
2026-08-22,third,6,15006,15006,06
2026-08-23,fifth,1,6704,6704,04
2026-08-23,fifth,1,0570,0570,70
2026-08-23,fifth,1,0730,0730,30
2026-08-23,fifth,1,5404,5404,04
2026-08-23,fifth,1,9070,9070,70
2026-08-23,fifth,1,7962,7962,62
2026-08-23,fifth,1,1827,1827,27
2026-08-23,fifth,2,4409,4409,09
2026-08-23,fifth,2,5252,5252,52
2026-08-23,fifth,2,5132,5132,32
2026-08-23,fifth,2,1432,1432,32
2026-08-23,fifth,2,9942,9942,42
2026-08-23,fifth,2,4616,4616,16
2026-08-23,fifth,2,1645,1645,45
2026-08-23,fifth,3,1155,1155,55
2026-08-23,fifth,3,4790,4790,90
2026-08-23,fifth,3,2761,2761,61
2026-08-23,fifth,3,4959,4959,59
2026-08-23,fifth,3,5633,5633,33
2026-08-23,fifth,3,0776,0776,76
2026-08-23,fifth,3,0126,0126,26
2026-08-23,fifth,4,0708,0708,08
2026-08-23,fifth,4,7707,7707,07
2026-08-23,fifth,4,7268,7268,68
2026-08-23,fifth,4,9897,9897,97
2026-08-23,fifth,4,9635,9635,35
2026-08-23,fifth,4,8699,8699,99
2026-08-23,fifth,4,8400,8400,00
2026-08-23,fifth,5,3638,3638,38
2026-08-23,fifth,5,6494,6494,94
2026-08-23,fifth,5,9875,9875,75
2026-08-23,fifth,5,3794,3794,94
2026-08-23,fifth,5,9813,9813,13
2026-08-23,fifth,5,4334,4334,34
2026-08-23,fifth,5,4048,4048,48
2026-08-23,fifth,6,6751,6751,51
2026-08-23,fifth,6,9516,9516,16
2026-08-23,fifth,6,7853,7853,53
2026-08-23,fifth,6,2391,2391,91
2026-08-23,fifth,6,1369,1369,69
2026-08-23,fifth,6,2074,2074,74
2026-08-23,fifth,6,2770,2770,70
2026-08-23,first,1,50326,50326,26
2026-08-23,first,1,80300,80300,00
2026-08-23,first,1,87299,87299,99
2026-08-23,first,1,03402,03402,02
2026-08-23,first,1,09217,09217,17
2026-08-23,first,1,55349,55349,49
2026-08-23,first,1,77200,77200,00
2026-08-23,fourth,1,1884,1884,84
2026-08-23,fourth,1,7740,7740,40
2026-08-23,fourth,1,8080,8080,80
2026-08-23,fourth,1,4096,4096,96
2026-08-23,fourth,1,5077,5077,77
2026-08-23,fourth,1,6985,6985,85
2026-08-23,fourth,1,8355,8355,55
2026-08-23,fourth,2,1637,1637,37
2026-08-23,fourth,2,7568,7568,68
2026-08-23,fourth,2,0634,0634,34
2026-08-23,fourth,2,2934,2934,34
2026-08-23,fourth,2,4420,4420,20
2026-08-23,fourth,2,4935,4935,35
2026-08-23,fourth,2,3614,3614,14
2026-08-23,fourth,3,6903,6903,03
2026-08-23,fourth,3,2767,2767,67
2026-08-23,fourth,3,7554,7554,54
2026-08-23,fourth,3,0699,0699,99
2026-08-23,fourth,3,4911,4911,11
2026-08-23,fourth,3,9042,9042,42
2026-08-23,fourth,3,7074,7074,74
2026-08-23,fourth,4,0914,0914,14
2026-08-23,fourth,4,8365,8365,65
2026-08-23,fourth,4,4394,4394,94
2026-08-23,fourth,4,0661,0661,61
2026-08-23,fourth,4,6688,6688,88
2026-08-23,fourth,4,1686,1686,86
2026-08-23,fourth,4,8014,8014,14
2026-08-23,second,1,58725,58725,25
2026-08-23,second,1,60683,60683,83
2026-08-23,second,1,40109,40109,09
2026-08-23,second,1,71264,71264,64
2026-08-23,second,1,23962,23962,62
2026-08-23,second,1,37265,37265,65
2026-08-23,second,1,76612,76612,12
2026-08-23,second,2,40510,40510,10
2026-08-23,second,2,51132,51132,32
2026-08-23,second,2,41819,41819,19
2026-08-23,second,2,70743,70743,43
2026-08-23,second,2,46930,46930,30
2026-08-23,second,2,21266,21266,66
2026-08-23,second,2,06154,06154,54
2026-08-23,seventh,1,68,68,68
2026-08-23,seventh,1,26,26,26
2026-08-23,seventh,1,95,95,95
2026-08-23,seventh,1,88,88,88
2026-08-23,seventh,1,19,19,19
2026-08-23,seventh,1,51,51,51
2026-08-23,seventh,1,89,89,89
2026-08-23,seventh,2,87,87,87
2026-08-23,seventh,2,09,09,09
2026-08-23,seventh,2,35,35,35
2026-08-23,seventh,2,34,34,34
2026-08-23,seventh,2,11,11,11
2026-08-23,seventh,2,04,04,04
2026-08-23,seventh,2,61,61,61
2026-08-23,seventh,3,38,38,38
2026-08-23,seventh,3,06,06,06
2026-08-23,seventh,3,99,99,99
2026-08-23,seventh,3,47,47,47
2026-08-23,seventh,3,73,73,73
2026-08-23,seventh,3,92,92,92
2026-08-23,seventh,3,76,76,76
2026-08-23,seventh,4,99,99,99
2026-08-23,seventh,4,64,64,64
2026-08-23,seventh,4,67,67,67
2026-08-23,seventh,4,00,00,00
2026-08-23,seventh,4,54,54,54
2026-08-23,seventh,4,13,13,13
2026-08-23,seventh,4,71,71,71
2026-08-23,sixth,1,031,031,31
2026-08-23,sixth,1,354,354,54
2026-08-23,sixth,1,440,440,40
2026-08-23,sixth,1,468,468,68
2026-08-23,sixth,1,189,189,89
2026-08-23,sixth,1,873,873,73
2026-08-23,sixth,1,544,544,44
2026-08-23,sixth,2,040,040,40
2026-08-23,sixth,2,649,649,49
2026-08-23,sixth,2,427,427,27
2026-08-23,sixth,2,074,074,74
2026-08-23,sixth,2,011,011,11
2026-08-23,sixth,2,082,082,82
2026-08-23,sixth,2,687,687,87
2026-08-23,sixth,3,082,082,82
2026-08-23,sixth,3,773,773,73
2026-08-23,sixth,3,521,521,21
2026-08-23,sixth,3,622,622,22
2026-08-23,sixth,3,072,072,72
2026-08-23,sixth,3,954,954,54
2026-08-23,sixth,3,080,080,80
2026-08-23,special,1,37938,37938,38
2026-08-23,special,1,60213,60213,13
2026-08-23,special,1,94533,94533,33
2026-08-23,special,1,07523,07523,23
2026-08-23,special,1,13643,13643,43
2026-08-23,special,1,29183,29183,83
2026-08-23,special,1,01939,01939,39
2026-08-23,third,1,34998,34998,98
2026-08-23,third,1,89384,89384,84
2026-08-23,third,1,92539,92539,39
2026-08-23,third,1,23922,23922,22
2026-08-23,third,1,07981,07981,81
2026-08-23,third,1,40833,40833,33
2026-08-23,third,1,63160,63160,60
2026-08-23,third,2,08650,08650,50
2026-08-23,third,2,11622,11622,22
2026-08-23,third,2,09590,09590,90
2026-08-23,third,2,98532,98532,32
2026-08-23,third,2,14318,14318,18
2026-08-23,third,2,36729,36729,29
2026-08-23,third,2,75617,75617,17
2026-08-23,third,3,51242,51242,42
2026-08-23,third,3,10383,10383,83
2026-08-23,third,3,56888,56888,88
2026-08-23,third,3,50759,50759,59
2026-08-23,third,3,66351,66351,51
2026-08-23,third,3,67077,67077,77
2026-08-23,third,3,41941,41941,41
2026-08-23,third,4,57358,57358,58
2026-08-23,third,4,09349,09349,49
2026-08-23,third,4,77064,77064,64
2026-08-23,third,4,33811,33811,11
2026-08-23,third,4,73807,73807,07
2026-08-23,third,4,56251,56251,51
2026-08-23,third,4,01983,01983,83
2026-08-23,third,5,05024,05024,24
2026-08-23,third,5,00136,00136,36
2026-08-23,third,5,24438,24438,38
2026-08-23,third,5,64437,64437,37
2026-08-23,third,5,06781,06781,81
2026-08-23,third,5,97269,97269,69
2026-08-23,third,5,19790,19790,90
2026-08-23,third,6,69040,69040,40
2026-08-23,third,6,47894,47894,94
2026-08-23,third,6,47960,47960,60
2026-08-23,third,6,25606,25606,06
2026-08-23,third,6,90948,90948,48
2026-08-23,third,6,23553,23553,53
2026-08-23,third,6,87235,87235,35
2026-08-24,fifth,1,1293,1293,93
2026-08-24,fifth,1,6704,6704,04
2026-08-24,fifth,1,0570,0570,70
2026-08-24,fifth,1,0730,0730,30
2026-08-24,fifth,1,5404,5404,04
2026-08-24,fifth,1,9070,9070,70
2026-08-24,fifth,1,7962,7962,62
2026-08-24,fifth,2,3918,3918,18
2026-08-24,fifth,2,4409,4409,09
2026-08-24,fifth,2,5252,5252,52
2026-08-24,fifth,2,5132,5132,32
2026-08-24,fifth,2,1432,1432,32
2026-08-24,fifth,2,9942,9942,42
2026-08-24,fifth,2,4616,4616,16
2026-08-24,fifth,3,3924,3924,24
2026-08-24,fifth,3,1155,1155,55
2026-08-24,fifth,3,4790,4790,90
2026-08-24,fifth,3,2761,2761,61
2026-08-24,fifth,3,4959,4959,59
2026-08-24,fifth,3,5633,5633,33
2026-08-24,fifth,3,0776,0776,76
2026-08-24,fifth,4,8864,8864,64
2026-08-24,fifth,4,0708,0708,08
2026-08-24,fifth,4,7707,7707,07
2026-08-24,fifth,4,7268,7268,68
2026-08-24,fifth,4,9897,9897,97
2026-08-24,fifth,4,9635,9635,35
2026-08-24,fifth,4,8699,8699,99
2026-08-24,fifth,5,9817,9817,17
2026-08-24,fifth,5,3638,3638,38
2026-08-24,fifth,5,6494,6494,94
2026-08-24,fifth,5,9875,9875,75
2026-08-24,fifth,5,3794,3794,94
2026-08-24,fifth,5,9813,9813,13
2026-08-24,fifth,5,4334,4334,34
2026-08-24,fifth,6,0964,0964,64
2026-08-24,fifth,6,6751,6751,51
2026-08-24,fifth,6,9516,9516,16
2026-08-24,fifth,6,7853,7853,53
2026-08-24,fifth,6,2391,2391,91
2026-08-24,fifth,6,1369,1369,69
2026-08-24,fifth,6,2074,2074,74
2026-08-24,first,1,00086,00086,86
2026-08-24,first,1,50326,50326,26
2026-08-24,first,1,80300,80300,00
2026-08-24,first,1,87299,87299,99
2026-08-24,first,1,03402,03402,02
2026-08-24,first,1,09217,09217,17
2026-08-24,first,1,55349,55349,49
2026-08-24,fourth,1,6212,6212,12
2026-08-24,fourth,1,1884,1884,84
2026-08-24,fourth,1,7740,7740,40
2026-08-24,fourth,1,8080,8080,80
2026-08-24,fourth,1,4096,4096,96
2026-08-24,fourth,1,5077,5077,77
2026-08-24,fourth,1,6985,6985,85
2026-08-24,fourth,2,2964,2964,64
2026-08-24,fourth,2,1637,1637,37
2026-08-24,fourth,2,7568,7568,68
2026-08-24,fourth,2,0634,0634,34
2026-08-24,fourth,2,2934,2934,34
2026-08-24,fourth,2,4420,4420,20
2026-08-24,fourth,2,4935,4935,35
2026-08-24,fourth,3,6551,6551,51
2026-08-24,fourth,3,6903,6903,03
2026-08-24,fourth,3,2767,2767,67
2026-08-24,fourth,3,7554,7554,54
2026-08-24,fourth,3,0699,0699,99
2026-08-24,fourth,3,4911,4911,11
2026-08-24,fourth,3,9042,9042,42
2026-08-24,fourth,4,4238,4238,38
2026-08-24,fourth,4,0914,0914,14
2026-08-24,fourth,4,8365,8365,65
2026-08-24,fourth,4,4394,4394,94
2026-08-24,fourth,4,0661,0661,61
2026-08-24,fourth,4,6688,6688,88
2026-08-24,fourth,4,1686,1686,86
2026-08-24,second,1,94528,94528,28
2026-08-24,second,1,58725,58725,25
2026-08-24,second,1,60683,60683,83
2026-08-24,second,1,40109,40109,09
2026-08-24,second,1,71264,71264,64
2026-08-24,second,1,23962,23962,62
2026-08-24,second,1,37265,37265,65
2026-08-24,second,2,27073,27073,73
2026-08-24,second,2,40510,40510,10
2026-08-24,second,2,51132,51132,32
2026-08-24,second,2,41819,41819,19
2026-08-24,second,2,70743,70743,43
2026-08-24,second,2,46930,46930,30
2026-08-24,second,2,21266,21266,66
2026-08-24,seventh,1,19,19,19
2026-08-24,seventh,1,68,68,68
2026-08-24,seventh,1,26,26,26
2026-08-24,seventh,1,95,95,95
2026-08-24,seventh,1,88,88,88
2026-08-24,seventh,1,19,19,19
2026-08-24,seventh,1,51,51,51
2026-08-24,seventh,2,85,85,85
2026-08-24,seventh,2,87,87,87
2026-08-24,seventh,2,09,09,09
2026-08-24,seventh,2,35,35,35
2026-08-24,seventh,2,34,34,34
2026-08-24,seventh,2,11,11,11
2026-08-24,seventh,2,04,04,04
2026-08-24,seventh,3,40,40,40
2026-08-24,seventh,3,38,38,38
2026-08-24,seventh,3,06,06,06
2026-08-24,seventh,3,99,99,99
2026-08-24,seventh,3,47,47,47
2026-08-24,seventh,3,73,73,73
2026-08-24,seventh,3,92,92,92
2026-08-24,seventh,4,71,71,71
2026-08-24,seventh,4,99,99,99
2026-08-24,seventh,4,64,64,64
2026-08-24,seventh,4,67,67,67
2026-08-24,seventh,4,00,00,00
2026-08-24,seventh,4,54,54,54
2026-08-24,seventh,4,13,13,13
2026-08-24,sixth,1,023,023,23
2026-08-24,sixth,1,031,031,31
2026-08-24,sixth,1,354,354,54
2026-08-24,sixth,1,440,440,40
2026-08-24,sixth,1,468,468,68
2026-08-24,sixth,1,189,189,89
2026-08-24,sixth,1,873,873,73
2026-08-24,sixth,2,967,967,67
2026-08-24,sixth,2,040,040,40
2026-08-24,sixth,2,649,649,49
2026-08-24,sixth,2,427,427,27
2026-08-24,sixth,2,074,074,74
2026-08-24,sixth,2,011,011,11
2026-08-24,sixth,2,082,082,82
2026-08-24,sixth,3,517,517,17
2026-08-24,sixth,3,082,082,82
2026-08-24,sixth,3,773,773,73
2026-08-24,sixth,3,521,521,21
2026-08-24,sixth,3,622,622,22
2026-08-24,sixth,3,072,072,72
2026-08-24,sixth,3,954,954,54
2026-08-24,special,1,36917,36917,17
2026-08-24,special,1,37938,37938,38
2026-08-24,special,1,60213,60213,13
2026-08-24,special,1,94533,94533,33
2026-08-24,special,1,07523,07523,23
2026-08-24,special,1,13643,13643,43
2026-08-24,special,1,29183,29183,83
2026-08-24,third,1,94676,94676,76
2026-08-24,third,1,34998,34998,98
2026-08-24,third,1,89384,89384,84
2026-08-24,third,1,92539,92539,39
2026-08-24,third,1,23922,23922,22
2026-08-24,third,1,07981,07981,81
2026-08-24,third,1,40833,40833,33
2026-08-24,third,2,56001,56001,01
2026-08-24,third,2,08650,08650,50
2026-08-24,third,2,11622,11622,22
2026-08-24,third,2,09590,09590,90
2026-08-24,third,2,98532,98532,32
2026-08-24,third,2,14318,14318,18
2026-08-24,third,2,36729,36729,29
2026-08-24,third,3,09335,09335,35
2026-08-24,third,3,51242,51242,42
2026-08-24,third,3,10383,10383,83
2026-08-24,third,3,56888,56888,88
2026-08-24,third,3,50759,50759,59
2026-08-24,third,3,66351,66351,51
2026-08-24,third,3,67077,67077,77
2026-08-24,third,4,01616,01616,16
2026-08-24,third,4,57358,57358,58
2026-08-24,third,4,09349,09349,49
2026-08-24,third,4,77064,77064,64
2026-08-24,third,4,33811,33811,11
2026-08-24,third,4,73807,73807,07
2026-08-24,third,4,56251,56251,51
2026-08-24,third,5,84823,84823,23
2026-08-24,third,5,05024,05024,24
2026-08-24,third,5,00136,00136,36
2026-08-24,third,5,24438,24438,38
2026-08-24,third,5,64437,64437,37
2026-08-24,third,5,06781,06781,81
2026-08-24,third,5,97269,97269,69
2026-08-24,third,6,29693,29693,93
2026-08-24,third,6,69040,69040,40
2026-08-24,third,6,47894,47894,94
2026-08-24,third,6,47960,47960,60
2026-08-24,third,6,25606,25606,06
2026-08-24,third,6,90948,90948,48
2026-08-24,third,6,23553,23553,53
2026-08-25,fifth,1,5132,5132,32
2026-08-25,fifth,1,1293,1293,93
2026-08-25,fifth,1,6704,6704,04
2026-08-25,fifth,1,0570,0570,70
2026-08-25,fifth,1,0730,0730,30
2026-08-25,fifth,1,5404,5404,04
2026-08-25,fifth,1,9070,9070,70
2026-08-25,fifth,2,4515,4515,15
2026-08-25,fifth,2,3918,3918,18
2026-08-25,fifth,2,4409,4409,09
2026-08-25,fifth,2,5252,5252,52
2026-08-25,fifth,2,5132,5132,32
2026-08-25,fifth,2,1432,1432,32
2026-08-25,fifth,2,9942,9942,42
2026-08-25,fifth,3,0792,0792,92
2026-08-25,fifth,3,3924,3924,24
2026-08-25,fifth,3,1155,1155,55
2026-08-25,fifth,3,4790,4790,90
2026-08-25,fifth,3,2761,2761,61
2026-08-25,fifth,3,4959,4959,59
2026-08-25,fifth,3,5633,5633,33
2026-08-25,fifth,4,5817,5817,17
2026-08-25,fifth,4,8864,8864,64
2026-08-25,fifth,4,0708,0708,08
2026-08-25,fifth,4,7707,7707,07
2026-08-25,fifth,4,7268,7268,68
2026-08-25,fifth,4,9897,9897,97
2026-08-25,fifth,4,9635,9635,35
2026-08-25,fifth,5,4994,4994,94
2026-08-25,fifth,5,9817,9817,17
2026-08-25,fifth,5,3638,3638,38
2026-08-25,fifth,5,6494,6494,94
2026-08-25,fifth,5,9875,9875,75
2026-08-25,fifth,5,3794,3794,94
2026-08-25,fifth,5,9813,9813,13
2026-08-25,fifth,6,9649,9649,49
2026-08-25,fifth,6,0964,0964,64
2026-08-25,fifth,6,6751,6751,51
2026-08-25,fifth,6,9516,9516,16
2026-08-25,fifth,6,7853,7853,53
2026-08-25,fifth,6,2391,2391,91
2026-08-25,fifth,6,1369,1369,69
2026-08-25,first,1,76371,76371,71
2026-08-25,first,1,00086,00086,86
2026-08-25,first,1,50326,50326,26
2026-08-25,first,1,80300,80300,00
2026-08-25,first,1,87299,87299,99
2026-08-25,first,1,03402,03402,02
2026-08-25,first,1,09217,09217,17
2026-08-25,fourth,1,4843,4843,43
2026-08-25,fourth,1,6212,6212,12
2026-08-25,fourth,1,1884,1884,84
2026-08-25,fourth,1,7740,7740,40
2026-08-25,fourth,1,8080,8080,80
2026-08-25,fourth,1,4096,4096,96
2026-08-25,fourth,1,5077,5077,77
2026-08-25,fourth,2,8746,8746,46
2026-08-25,fourth,2,2964,2964,64
2026-08-25,fourth,2,1637,1637,37
2026-08-25,fourth,2,7568,7568,68
2026-08-25,fourth,2,0634,0634,34
2026-08-25,fourth,2,2934,2934,34
2026-08-25,fourth,2,4420,4420,20
2026-08-25,fourth,3,1633,1633,33
2026-08-25,fourth,3,6551,6551,51
2026-08-25,fourth,3,6903,6903,03
2026-08-25,fourth,3,2767,2767,67
2026-08-25,fourth,3,7554,7554,54
2026-08-25,fourth,3,0699,0699,99
2026-08-25,fourth,3,4911,4911,11
2026-08-25,fourth,4,8603,8603,03
2026-08-25,fourth,4,4238,4238,38
2026-08-25,fourth,4,0914,0914,14
2026-08-25,fourth,4,8365,8365,65
2026-08-25,fourth,4,4394,4394,94
2026-08-25,fourth,4,0661,0661,61
2026-08-25,fourth,4,6688,6688,88
2026-08-25,second,1,43081,43081,81
2026-08-25,second,1,94528,94528,28
2026-08-25,second,1,58725,58725,25
2026-08-25,second,1,60683,60683,83
2026-08-25,second,1,40109,40109,09
2026-08-25,second,1,71264,71264,64
2026-08-25,second,1,23962,23962,62
2026-08-25,second,2,89795,89795,95
2026-08-25,second,2,27073,27073,73
2026-08-25,second,2,40510,40510,10
2026-08-25,second,2,51132,51132,32
2026-08-25,second,2,41819,41819,19
2026-08-25,second,2,70743,70743,43
2026-08-25,second,2,46930,46930,30
2026-08-25,seventh,1,91,91,91
2026-08-25,seventh,1,19,19,19
2026-08-25,seventh,1,68,68,68
2026-08-25,seventh,1,26,26,26
2026-08-25,seventh,1,95,95,95
2026-08-25,seventh,1,88,88,88
2026-08-25,seventh,1,19,19,19
2026-08-25,seventh,2,09,09,09
2026-08-25,seventh,2,85,85,85
2026-08-25,seventh,2,87,87,87
2026-08-25,seventh,2,09,09,09
2026-08-25,seventh,2,35,35,35
2026-08-25,seventh,2,34,34,34
2026-08-25,seventh,2,11,11,11
2026-08-25,seventh,3,45,45,45
2026-08-25,seventh,3,40,40,40
2026-08-25,seventh,3,38,38,38
2026-08-25,seventh,3,06,06,06
2026-08-25,seventh,3,99,99,99
2026-08-25,seventh,3,47,47,47
2026-08-25,seventh,3,73,73,73
2026-08-25,seventh,4,84,84,84
2026-08-25,seventh,4,71,71,71
2026-08-25,seventh,4,99,99,99
2026-08-25,seventh,4,64,64,64
2026-08-25,seventh,4,67,67,67
2026-08-25,seventh,4,00,00,00
2026-08-25,seventh,4,54,54,54
2026-08-25,sixth,1,020,020,20
2026-08-25,sixth,1,023,023,23
2026-08-25,sixth,1,031,031,31
2026-08-25,sixth,1,354,354,54
2026-08-25,sixth,1,440,440,40
2026-08-25,sixth,1,468,468,68
2026-08-25,sixth,1,189,189,89
2026-08-25,sixth,2,762,762,62
2026-08-25,sixth,2,967,967,67
2026-08-25,sixth,2,040,040,40
2026-08-25,sixth,2,649,649,49
2026-08-25,sixth,2,427,427,27
2026-08-25,sixth,2,074,074,74
2026-08-25,sixth,2,011,011,11
2026-08-25,sixth,3,633,633,33
2026-08-25,sixth,3,517,517,17
2026-08-25,sixth,3,082,082,82
2026-08-25,sixth,3,773,773,73
2026-08-25,sixth,3,521,521,21
2026-08-25,sixth,3,622,622,22
2026-08-25,sixth,3,072,072,72
2026-08-25,special,1,85080,85080,80
2026-08-25,special,1,36917,36917,17
2026-08-25,special,1,37938,37938,38
2026-08-25,special,1,60213,60213,13
2026-08-25,special,1,94533,94533,33
2026-08-25,special,1,07523,07523,23
2026-08-25,special,1,13643,13643,43
2026-08-25,third,1,66749,66749,49
2026-08-25,third,1,94676,94676,76
2026-08-25,third,1,34998,34998,98
2026-08-25,third,1,89384,89384,84
2026-08-25,third,1,92539,92539,39
2026-08-25,third,1,23922,23922,22
2026-08-25,third,1,07981,07981,81
2026-08-25,third,2,80518,80518,18
2026-08-25,third,2,56001,56001,01
2026-08-25,third,2,08650,08650,50
2026-08-25,third,2,11622,11622,22
2026-08-25,third,2,09590,09590,90
2026-08-25,third,2,98532,98532,32
2026-08-25,third,2,14318,14318,18
2026-08-25,third,3,74933,74933,33
2026-08-25,third,3,09335,09335,35
2026-08-25,third,3,51242,51242,42
2026-08-25,third,3,10383,10383,83
2026-08-25,third,3,56888,56888,88
2026-08-25,third,3,50759,50759,59
2026-08-25,third,3,66351,66351,51
2026-08-25,third,4,65733,65733,33
2026-08-25,third,4,01616,01616,16
2026-08-25,third,4,57358,57358,58
2026-08-25,third,4,09349,09349,49
2026-08-25,third,4,77064,77064,64
2026-08-25,third,4,33811,33811,11
2026-08-25,third,4,73807,73807,07
2026-08-25,third,5,35107,35107,07
2026-08-25,third,5,84823,84823,23
2026-08-25,third,5,05024,05024,24
2026-08-25,third,5,00136,00136,36
2026-08-25,third,5,24438,24438,38
2026-08-25,third,5,64437,64437,37
2026-08-25,third,5,06781,06781,81
2026-08-25,third,6,16236,16236,36
2026-08-25,third,6,29693,29693,93
2026-08-25,third,6,69040,69040,40
2026-08-25,third,6,47894,47894,94
2026-08-25,third,6,47960,47960,60
2026-08-25,third,6,25606,25606,06
2026-08-25,third,6,90948,90948,48
2026-08-26,fifth,1,5438,5438,38
2026-08-26,fifth,1,5132,5132,32
2026-08-26,fifth,1,1293,1293,93
2026-08-26,fifth,1,6704,6704,04
2026-08-26,fifth,1,0570,0570,70
2026-08-26,fifth,1,0730,0730,30
2026-08-26,fifth,1,5404,5404,04
2026-08-26,fifth,2,4932,4932,32
2026-08-26,fifth,2,4515,4515,15
2026-08-26,fifth,2,3918,3918,18
2026-08-26,fifth,2,4409,4409,09
2026-08-26,fifth,2,5252,5252,52
2026-08-26,fifth,2,5132,5132,32
2026-08-26,fifth,2,1432,1432,32
2026-08-26,fifth,3,7003,7003,03
2026-08-26,fifth,3,0792,0792,92
2026-08-26,fifth,3,3924,3924,24
2026-08-26,fifth,3,1155,1155,55
2026-08-26,fifth,3,4790,4790,90
2026-08-26,fifth,3,2761,2761,61
2026-08-26,fifth,3,4959,4959,59
2026-08-26,fifth,4,8735,8735,35
2026-08-26,fifth,4,5817,5817,17
2026-08-26,fifth,4,8864,8864,64
2026-08-26,fifth,4,0708,0708,08
2026-08-26,fifth,4,7707,7707,07
2026-08-26,fifth,4,7268,7268,68
2026-08-26,fifth,4,9897,9897,97
2026-08-26,fifth,5,7654,7654,54
2026-08-26,fifth,5,4994,4994,94
2026-08-26,fifth,5,9817,9817,17
2026-08-26,fifth,5,3638,3638,38
2026-08-26,fifth,5,6494,6494,94
2026-08-26,fifth,5,9875,9875,75
2026-08-26,fifth,5,3794,3794,94
2026-08-26,fifth,6,0198,0198,98
2026-08-26,fifth,6,9649,9649,49
2026-08-26,fifth,6,0964,0964,64
2026-08-26,fifth,6,6751,6751,51
2026-08-26,fifth,6,9516,9516,16
2026-08-26,fifth,6,7853,7853,53
2026-08-26,fifth,6,2391,2391,91
2026-08-26,first,1,87270,87270,70
2026-08-26,first,1,76371,76371,71
2026-08-26,first,1,00086,00086,86
2026-08-26,first,1,50326,50326,26
2026-08-26,first,1,80300,80300,00
2026-08-26,first,1,87299,87299,99
2026-08-26,first,1,03402,03402,02
2026-08-26,fourth,1,7383,7383,83
2026-08-26,fourth,1,4843,4843,43
2026-08-26,fourth,1,6212,6212,12
2026-08-26,fourth,1,1884,1884,84
2026-08-26,fourth,1,7740,7740,40
2026-08-26,fourth,1,8080,8080,80
2026-08-26,fourth,1,4096,4096,96
2026-08-26,fourth,2,0321,0321,21
2026-08-26,fourth,2,8746,8746,46
2026-08-26,fourth,2,2964,2964,64
2026-08-26,fourth,2,1637,1637,37
2026-08-26,fourth,2,7568,7568,68
2026-08-26,fourth,2,0634,0634,34
2026-08-26,fourth,2,2934,2934,34
2026-08-26,fourth,3,9687,9687,87
2026-08-26,fourth,3,1633,1633,33
2026-08-26,fourth,3,6551,6551,51
2026-08-26,fourth,3,6903,6903,03
2026-08-26,fourth,3,2767,2767,67
2026-08-26,fourth,3,7554,7554,54
2026-08-26,fourth,3,0699,0699,99
2026-08-26,fourth,4,4561,4561,61
2026-08-26,fourth,4,8603,8603,03
2026-08-26,fourth,4,4238,4238,38
2026-08-26,fourth,4,0914,0914,14
2026-08-26,fourth,4,8365,8365,65
2026-08-26,fourth,4,4394,4394,94
2026-08-26,fourth,4,0661,0661,61
2026-08-26,second,1,99607,99607,07
2026-08-26,second,1,43081,43081,81
2026-08-26,second,1,94528,94528,28
2026-08-26,second,1,58725,58725,25
2026-08-26,second,1,60683,60683,83
2026-08-26,second,1,40109,40109,09
2026-08-26,second,1,71264,71264,64
2026-08-26,second,2,26879,26879,79
2026-08-26,second,2,89795,89795,95
2026-08-26,second,2,27073,27073,73
2026-08-26,second,2,40510,40510,10
2026-08-26,second,2,51132,51132,32
2026-08-26,second,2,41819,41819,19
2026-08-26,second,2,70743,70743,43
2026-08-26,seventh,1,23,23,23
2026-08-26,seventh,1,91,91,91
2026-08-26,seventh,1,19,19,19
2026-08-26,seventh,1,68,68,68
2026-08-26,seventh,1,26,26,26
2026-08-26,seventh,1,95,95,95
2026-08-26,seventh,1,88,88,88
2026-08-26,seventh,2,68,68,68
2026-08-26,seventh,2,09,09,09
2026-08-26,seventh,2,85,85,85
2026-08-26,seventh,2,87,87,87
2026-08-26,seventh,2,09,09,09
2026-08-26,seventh,2,35,35,35
2026-08-26,seventh,2,34,34,34
2026-08-26,seventh,3,96,96,96
2026-08-26,seventh,3,45,45,45
2026-08-26,seventh,3,40,40,40
2026-08-26,seventh,3,38,38,38
2026-08-26,seventh,3,06,06,06
2026-08-26,seventh,3,99,99,99
2026-08-26,seventh,3,47,47,47
2026-08-26,seventh,4,69,69,69
2026-08-26,seventh,4,84,84,84
2026-08-26,seventh,4,71,71,71
2026-08-26,seventh,4,99,99,99
2026-08-26,seventh,4,64,64,64
2026-08-26,seventh,4,67,67,67
2026-08-26,seventh,4,00,00,00
2026-08-26,sixth,1,611,611,11
2026-08-26,sixth,1,020,020,20
2026-08-26,sixth,1,023,023,23
2026-08-26,sixth,1,031,031,31
2026-08-26,sixth,1,354,354,54
2026-08-26,sixth,1,440,440,40
2026-08-26,sixth,1,468,468,68
2026-08-26,sixth,2,665,665,65
2026-08-26,sixth,2,762,762,62
2026-08-26,sixth,2,967,967,67
2026-08-26,sixth,2,040,040,40
2026-08-26,sixth,2,649,649,49
2026-08-26,sixth,2,427,427,27
2026-08-26,sixth,2,074,074,74
2026-08-26,sixth,3,226,226,26
2026-08-26,sixth,3,633,633,33
2026-08-26,sixth,3,517,517,17
2026-08-26,sixth,3,082,082,82
2026-08-26,sixth,3,773,773,73
2026-08-26,sixth,3,521,521,21
2026-08-26,sixth,3,622,622,22
2026-08-26,special,1,85361,85361,61
2026-08-26,special,1,85080,85080,80
2026-08-26,special,1,36917,36917,17
2026-08-26,special,1,37938,37938,38
2026-08-26,special,1,60213,60213,13
2026-08-26,special,1,94533,94533,33
2026-08-26,special,1,07523,07523,23
2026-08-26,third,1,34655,34655,55
2026-08-26,third,1,66749,66749,49
2026-08-26,third,1,94676,94676,76
2026-08-26,third,1,34998,34998,98
2026-08-26,third,1,89384,89384,84
2026-08-26,third,1,92539,92539,39
2026-08-26,third,1,23922,23922,22
2026-08-26,third,2,15876,15876,76
2026-08-26,third,2,80518,80518,18
2026-08-26,third,2,56001,56001,01
2026-08-26,third,2,08650,08650,50
2026-08-26,third,2,11622,11622,22
2026-08-26,third,2,09590,09590,90
2026-08-26,third,2,98532,98532,32
2026-08-26,third,3,67702,67702,02
2026-08-26,third,3,74933,74933,33
2026-08-26,third,3,09335,09335,35
2026-08-26,third,3,51242,51242,42
2026-08-26,third,3,10383,10383,83
2026-08-26,third,3,56888,56888,88
2026-08-26,third,3,50759,50759,59
2026-08-26,third,4,14066,14066,66
2026-08-26,third,4,65733,65733,33
2026-08-26,third,4,01616,01616,16
2026-08-26,third,4,57358,57358,58
2026-08-26,third,4,09349,09349,49
2026-08-26,third,4,77064,77064,64
2026-08-26,third,4,33811,33811,11
2026-08-26,third,5,83648,83648,48
2026-08-26,third,5,35107,35107,07
2026-08-26,third,5,84823,84823,23
2026-08-26,third,5,05024,05024,24
2026-08-26,third,5,00136,00136,36
2026-08-26,third,5,24438,24438,38
2026-08-26,third,5,64437,64437,37
2026-08-26,third,6,26091,26091,91
2026-08-26,third,6,16236,16236,36
2026-08-26,third,6,29693,29693,93
2026-08-26,third,6,69040,69040,40
2026-08-26,third,6,47894,47894,94
2026-08-26,third,6,47960,47960,60
2026-08-26,third,6,25606,25606,06
2026-08-27,fifth,1,3643,3643,43
2026-08-27,fifth,1,5438,5438,38
2026-08-27,fifth,1,5132,5132,32
2026-08-27,fifth,1,1293,1293,93
2026-08-27,fifth,1,6704,6704,04
2026-08-27,fifth,1,0570,0570,70
2026-08-27,fifth,1,0730,0730,30
2026-08-27,fifth,2,3131,3131,31
2026-08-27,fifth,2,4932,4932,32
2026-08-27,fifth,2,4515,4515,15
2026-08-27,fifth,2,3918,3918,18
2026-08-27,fifth,2,4409,4409,09
2026-08-27,fifth,2,5252,5252,52
2026-08-27,fifth,2,5132,5132,32
2026-08-27,fifth,3,9679,9679,79
2026-08-27,fifth,3,7003,7003,03
2026-08-27,fifth,3,0792,0792,92
2026-08-27,fifth,3,3924,3924,24
2026-08-27,fifth,3,1155,1155,55
2026-08-27,fifth,3,4790,4790,90
2026-08-27,fifth,3,2761,2761,61
2026-08-27,fifth,4,0817,0817,17
2026-08-27,fifth,4,8735,8735,35
2026-08-27,fifth,4,5817,5817,17
2026-08-27,fifth,4,8864,8864,64
2026-08-27,fifth,4,0708,0708,08
2026-08-27,fifth,4,7707,7707,07
2026-08-27,fifth,4,7268,7268,68
2026-08-27,fifth,5,1334,1334,34
2026-08-27,fifth,5,7654,7654,54
2026-08-27,fifth,5,4994,4994,94
2026-08-27,fifth,5,9817,9817,17
2026-08-27,fifth,5,3638,3638,38
2026-08-27,fifth,5,6494,6494,94
2026-08-27,fifth,5,9875,9875,75
2026-08-27,fifth,6,5394,5394,94
2026-08-27,fifth,6,0198,0198,98
2026-08-27,fifth,6,9649,9649,49
2026-08-27,fifth,6,0964,0964,64
2026-08-27,fifth,6,6751,6751,51
2026-08-27,fifth,6,9516,9516,16
2026-08-27,fifth,6,7853,7853,53
2026-08-27,first,1,76199,76199,99
2026-08-27,first,1,87270,87270,70
2026-08-27,first,1,76371,76371,71
2026-08-27,first,1,00086,00086,86
2026-08-27,first,1,50326,50326,26
2026-08-27,first,1,80300,80300,00
2026-08-27,first,1,87299,87299,99
2026-08-27,fourth,1,2895,2895,95
2026-08-27,fourth,1,7383,7383,83
2026-08-27,fourth,1,4843,4843,43
2026-08-27,fourth,1,6212,6212,12
2026-08-27,fourth,1,1884,1884,84
2026-08-27,fourth,1,7740,7740,40
2026-08-27,fourth,1,8080,8080,80
2026-08-27,fourth,2,3322,3322,22
2026-08-27,fourth,2,0321,0321,21
2026-08-27,fourth,2,8746,8746,46
2026-08-27,fourth,2,2964,2964,64
2026-08-27,fourth,2,1637,1637,37
2026-08-27,fourth,2,7568,7568,68
2026-08-27,fourth,2,0634,0634,34
2026-08-27,fourth,3,1638,1638,38
2026-08-27,fourth,3,9687,9687,87
2026-08-27,fourth,3,1633,1633,33
2026-08-27,fourth,3,6551,6551,51
2026-08-27,fourth,3,6903,6903,03
2026-08-27,fourth,3,2767,2767,67
2026-08-27,fourth,3,7554,7554,54
2026-08-27,fourth,4,3018,3018,18
2026-08-27,fourth,4,4561,4561,61
2026-08-27,fourth,4,8603,8603,03
2026-08-27,fourth,4,4238,4238,38
2026-08-27,fourth,4,0914,0914,14
2026-08-27,fourth,4,8365,8365,65
2026-08-27,fourth,4,4394,4394,94
2026-08-27,second,1,38417,38417,17
2026-08-27,second,1,99607,99607,07
2026-08-27,second,1,43081,43081,81
2026-08-27,second,1,94528,94528,28
2026-08-27,second,1,58725,58725,25
2026-08-27,second,1,60683,60683,83
2026-08-27,second,1,40109,40109,09
2026-08-27,second,2,43370,43370,70
2026-08-27,second,2,26879,26879,79
2026-08-27,second,2,89795,89795,95
2026-08-27,second,2,27073,27073,73
2026-08-27,second,2,40510,40510,10
2026-08-27,second,2,51132,51132,32
2026-08-27,second,2,41819,41819,19
2026-08-27,seventh,1,03,03,03
2026-08-27,seventh,1,23,23,23
2026-08-27,seventh,1,91,91,91
2026-08-27,seventh,1,19,19,19
2026-08-27,seventh,1,68,68,68
2026-08-27,seventh,1,26,26,26
2026-08-27,seventh,1,95,95,95
2026-08-27,seventh,2,86,86,86
2026-08-27,seventh,2,68,68,68
2026-08-27,seventh,2,09,09,09
2026-08-27,seventh,2,85,85,85
2026-08-27,seventh,2,87,87,87
2026-08-27,seventh,2,09,09,09
2026-08-27,seventh,2,35,35,35
2026-08-27,seventh,3,61,61,61
2026-08-27,seventh,3,96,96,96
2026-08-27,seventh,3,45,45,45
2026-08-27,seventh,3,40,40,40
2026-08-27,seventh,3,38,38,38
2026-08-27,seventh,3,06,06,06
2026-08-27,seventh,3,99,99,99
2026-08-27,seventh,4,71,71,71
2026-08-27,seventh,4,69,69,69
2026-08-27,seventh,4,84,84,84
2026-08-27,seventh,4,71,71,71
2026-08-27,seventh,4,99,99,99
2026-08-27,seventh,4,64,64,64
2026-08-27,seventh,4,67,67,67
2026-08-27,sixth,1,299,299,99
2026-08-27,sixth,1,611,611,11
2026-08-27,sixth,1,020,020,20
2026-08-27,sixth,1,023,023,23
2026-08-27,sixth,1,031,031,31
2026-08-27,sixth,1,354,354,54
2026-08-27,sixth,1,440,440,40
2026-08-27,sixth,2,481,481,81
2026-08-27,sixth,2,665,665,65
2026-08-27,sixth,2,762,762,62
2026-08-27,sixth,2,967,967,67
2026-08-27,sixth,2,040,040,40
2026-08-27,sixth,2,649,649,49
2026-08-27,sixth,2,427,427,27
2026-08-27,sixth,3,173,173,73
2026-08-27,sixth,3,226,226,26
2026-08-27,sixth,3,633,633,33
2026-08-27,sixth,3,517,517,17
2026-08-27,sixth,3,082,082,82
2026-08-27,sixth,3,773,773,73
2026-08-27,sixth,3,521,521,21
2026-08-27,special,1,82645,82645,45
2026-08-27,special,1,85361,85361,61
2026-08-27,special,1,85080,85080,80
2026-08-27,special,1,36917,36917,17
2026-08-27,special,1,37938,37938,38
2026-08-27,special,1,60213,60213,13
2026-08-27,special,1,94533,94533,33
2026-08-27,third,1,71224,71224,24
2026-08-27,third,1,34655,34655,55
2026-08-27,third,1,66749,66749,49
2026-08-27,third,1,94676,94676,76
2026-08-27,third,1,34998,34998,98
2026-08-27,third,1,89384,89384,84
2026-08-27,third,1,92539,92539,39
2026-08-27,third,2,57662,57662,62
2026-08-27,third,2,15876,15876,76
2026-08-27,third,2,80518,80518,18
2026-08-27,third,2,56001,56001,01
2026-08-27,third,2,08650,08650,50
2026-08-27,third,2,11622,11622,22
2026-08-27,third,2,09590,09590,90
2026-08-27,third,3,91737,91737,37
2026-08-27,third,3,67702,67702,02
2026-08-27,third,3,74933,74933,33
2026-08-27,third,3,09335,09335,35
2026-08-27,third,3,51242,51242,42
2026-08-27,third,3,10383,10383,83
2026-08-27,third,3,56888,56888,88
2026-08-27,third,4,55918,55918,18
2026-08-27,third,4,14066,14066,66
2026-08-27,third,4,65733,65733,33
2026-08-27,third,4,01616,01616,16
2026-08-27,third,4,57358,57358,58
2026-08-27,third,4,09349,09349,49
2026-08-27,third,4,77064,77064,64
2026-08-27,third,5,33648,33648,48
2026-08-27,third,5,83648,83648,48
2026-08-27,third,5,35107,35107,07
2026-08-27,third,5,84823,84823,23
2026-08-27,third,5,05024,05024,24
2026-08-27,third,5,00136,00136,36
2026-08-27,third,5,24438,24438,38
2026-08-27,third,6,41452,41452,52
2026-08-27,third,6,26091,26091,91
2026-08-27,third,6,16236,16236,36
2026-08-27,third,6,29693,29693,93
2026-08-27,third,6,69040,69040,40
2026-08-27,third,6,47894,47894,94
2026-08-27,third,6,47960,47960,60
2026-08-28,fifth,1,9509,9509,09
2026-08-28,fifth,1,3643,3643,43
2026-08-28,fifth,1,5438,5438,38
2026-08-28,fifth,1,5132,5132,32
2026-08-28,fifth,1,1293,1293,93
2026-08-28,fifth,1,6704,6704,04
2026-08-28,fifth,1,0570,0570,70
2026-08-28,fifth,2,6847,6847,47
2026-08-28,fifth,2,3131,3131,31
2026-08-28,fifth,2,4932,4932,32
2026-08-28,fifth,2,4515,4515,15
2026-08-28,fifth,2,3918,3918,18
2026-08-28,fifth,2,4409,4409,09
2026-08-28,fifth,2,5252,5252,52
2026-08-28,fifth,3,0446,0446,46
2026-08-28,fifth,3,9679,9679,79
2026-08-28,fifth,3,7003,7003,03
2026-08-28,fifth,3,0792,0792,92
2026-08-28,fifth,3,3924,3924,24
2026-08-28,fifth,3,1155,1155,55
2026-08-28,fifth,3,4790,4790,90
2026-08-28,fifth,4,8749,8749,49
2026-08-28,fifth,4,0817,0817,17
2026-08-28,fifth,4,8735,8735,35
2026-08-28,fifth,4,5817,5817,17
2026-08-28,fifth,4,8864,8864,64
2026-08-28,fifth,4,0708,0708,08
2026-08-28,fifth,4,7707,7707,07
2026-08-28,fifth,5,2170,2170,70
2026-08-28,fifth,5,1334,1334,34
2026-08-28,fifth,5,7654,7654,54
2026-08-28,fifth,5,4994,4994,94
2026-08-28,fifth,5,9817,9817,17
2026-08-28,fifth,5,3638,3638,38
2026-08-28,fifth,5,6494,6494,94
2026-08-28,fifth,6,1699,1699,99
2026-08-28,fifth,6,5394,5394,94
2026-08-28,fifth,6,0198,0198,98
2026-08-28,fifth,6,9649,9649,49
2026-08-28,fifth,6,0964,0964,64
2026-08-28,fifth,6,6751,6751,51
2026-08-28,fifth,6,9516,9516,16
2026-08-28,first,1,75320,75320,20
2026-08-28,first,1,76199,76199,99
2026-08-28,first,1,87270,87270,70
2026-08-28,first,1,76371,76371,71
2026-08-28,first,1,00086,00086,86
2026-08-28,first,1,50326,50326,26
2026-08-28,first,1,80300,80300,00
2026-08-28,fourth,1,9059,9059,59
2026-08-28,fourth,1,2895,2895,95
2026-08-28,fourth,1,7383,7383,83
2026-08-28,fourth,1,4843,4843,43
2026-08-28,fourth,1,6212,6212,12
2026-08-28,fourth,1,1884,1884,84
2026-08-28,fourth,1,7740,7740,40
2026-08-28,fourth,2,1017,1017,17
2026-08-28,fourth,2,3322,3322,22
2026-08-28,fourth,2,0321,0321,21
2026-08-28,fourth,2,8746,8746,46
2026-08-28,fourth,2,2964,2964,64
2026-08-28,fourth,2,1637,1637,37
2026-08-28,fourth,2,7568,7568,68
2026-08-28,fourth,3,6138,6138,38
2026-08-28,fourth,3,1638,1638,38
2026-08-28,fourth,3,9687,9687,87
2026-08-28,fourth,3,1633,1633,33
2026-08-28,fourth,3,6551,6551,51
2026-08-28,fourth,3,6903,6903,03
2026-08-28,fourth,3,2767,2767,67
2026-08-28,fourth,4,2522,2522,22
2026-08-28,fourth,4,3018,3018,18
2026-08-28,fourth,4,4561,4561,61
2026-08-28,fourth,4,8603,8603,03
2026-08-28,fourth,4,4238,4238,38
2026-08-28,fourth,4,0914,0914,14
2026-08-28,fourth,4,8365,8365,65
2026-08-28,second,1,96350,96350,50
2026-08-28,second,1,38417,38417,17
2026-08-28,second,1,99607,99607,07
2026-08-28,second,1,43081,43081,81
2026-08-28,second,1,94528,94528,28
2026-08-28,second,1,58725,58725,25
2026-08-28,second,1,60683,60683,83
2026-08-28,second,2,26504,26504,04
2026-08-28,second,2,43370,43370,70
2026-08-28,second,2,26879,26879,79
2026-08-28,second,2,89795,89795,95
2026-08-28,second,2,27073,27073,73
2026-08-28,second,2,40510,40510,10
2026-08-28,second,2,51132,51132,32
2026-08-28,seventh,1,96,96,96
2026-08-28,seventh,1,03,03,03
2026-08-28,seventh,1,23,23,23
2026-08-28,seventh,1,91,91,91
2026-08-28,seventh,1,19,19,19
2026-08-28,seventh,1,68,68,68
2026-08-28,seventh,1,26,26,26
2026-08-28,seventh,2,59,59,59
2026-08-28,seventh,2,86,86,86
2026-08-28,seventh,2,68,68,68
2026-08-28,seventh,2,09,09,09
2026-08-28,seventh,2,85,85,85
2026-08-28,seventh,2,87,87,87
2026-08-28,seventh,2,09,09,09
2026-08-28,seventh,3,82,82,82
2026-08-28,seventh,3,61,61,61
2026-08-28,seventh,3,96,96,96
2026-08-28,seventh,3,45,45,45
2026-08-28,seventh,3,40,40,40
2026-08-28,seventh,3,38,38,38
2026-08-28,seventh,3,06,06,06
2026-08-28,seventh,4,07,07,07
2026-08-28,seventh,4,71,71,71
2026-08-28,seventh,4,69,69,69
2026-08-28,seventh,4,84,84,84
2026-08-28,seventh,4,71,71,71
2026-08-28,seventh,4,99,99,99
2026-08-28,seventh,4,64,64,64
2026-08-28,sixth,1,250,250,50
2026-08-28,sixth,1,299,299,99
2026-08-28,sixth,1,611,611,11
2026-08-28,sixth,1,020,020,20
2026-08-28,sixth,1,023,023,23
2026-08-28,sixth,1,031,031,31
2026-08-28,sixth,1,354,354,54
2026-08-28,sixth,2,356,356,56
2026-08-28,sixth,2,481,481,81
2026-08-28,sixth,2,665,665,65
2026-08-28,sixth,2,762,762,62
2026-08-28,sixth,2,967,967,67
2026-08-28,sixth,2,040,040,40
2026-08-28,sixth,2,649,649,49
2026-08-28,sixth,3,120,120,20
2026-08-28,sixth,3,173,173,73
2026-08-28,sixth,3,226,226,26
2026-08-28,sixth,3,633,633,33
2026-08-28,sixth,3,517,517,17
2026-08-28,sixth,3,082,082,82
2026-08-28,sixth,3,773,773,73
2026-08-28,special,1,06168,06168,68
2026-08-28,special,1,82645,82645,45
2026-08-28,special,1,85361,85361,61
2026-08-28,special,1,85080,85080,80
2026-08-28,special,1,36917,36917,17
2026-08-28,special,1,37938,37938,38
2026-08-28,special,1,60213,60213,13
2026-08-28,third,1,66680,66680,80
2026-08-28,third,1,71224,71224,24
2026-08-28,third,1,34655,34655,55
2026-08-28,third,1,66749,66749,49
2026-08-28,third,1,94676,94676,76
2026-08-28,third,1,34998,34998,98
2026-08-28,third,1,89384,89384,84
2026-08-28,third,2,85313,85313,13
2026-08-28,third,2,57662,57662,62
2026-08-28,third,2,15876,15876,76
2026-08-28,third,2,80518,80518,18
2026-08-28,third,2,56001,56001,01
2026-08-28,third,2,08650,08650,50
2026-08-28,third,2,11622,11622,22
2026-08-28,third,3,84851,84851,51
2026-08-28,third,3,91737,91737,37
2026-08-28,third,3,67702,67702,02
2026-08-28,third,3,74933,74933,33
2026-08-28,third,3,09335,09335,35
2026-08-28,third,3,51242,51242,42
2026-08-28,third,3,10383,10383,83
2026-08-28,third,4,41377,41377,77
2026-08-28,third,4,55918,55918,18
2026-08-28,third,4,14066,14066,66
2026-08-28,third,4,65733,65733,33
2026-08-28,third,4,01616,01616,16
2026-08-28,third,4,57358,57358,58
2026-08-28,third,4,09349,09349,49
2026-08-28,third,5,41376,41376,76
2026-08-28,third,5,33648,33648,48
2026-08-28,third,5,83648,83648,48
2026-08-28,third,5,35107,35107,07
2026-08-28,third,5,84823,84823,23
2026-08-28,third,5,05024,05024,24
2026-08-28,third,5,00136,00136,36
2026-08-28,third,6,79595,79595,95
2026-08-28,third,6,41452,41452,52
2026-08-28,third,6,26091,26091,91
2026-08-28,third,6,16236,16236,36
2026-08-28,third,6,29693,29693,93
2026-08-28,third,6,69040,69040,40
2026-08-28,third,6,47894,47894,94
